"Category","RelativePath","Bytes","SHA256"
"binary","build/v2-proof-baseline/dist/XVatsim/win_x64/XVatsim.xpl","2302976","737706614048537D435A030F0E25BCAC192C61F6771EA041710C5A5A73ED2030"
"binary","build/v2-proof-baseline/tools/XVatsimRegressionHarness.exe","3398144","5E19E84EE1C09D2FE82EE40D21B7345E0CC06ED39ACC79AE07353D95836E6574"
"binary","build/v2-step3-live-fixture/dist/XVatsim/win_x64/XVatsim.xpl","2328064","C14F41B68D06E5DCE6056458EF6BE40FFFDE6C9995CB6E6439FEDA0C2816C119"
"binary","build/v2-step3-live-fixture/tools/XVatsimStep3LiveFixtureProof.exe","142336","752CBBF2079513134B16A9D4D8D1A6EA18D3ED342AA5D39000199F2F2565BA75"
"binary","build/v2-step3-visual-proof-final/tools/XVatsimStep3VisualProof.exe","302592","E3BC9593DC2BC3D520E7484973C2263A332829959E5A3D5D22C1CA20168C5260"
"live-evidence","outputs/v2_step_03_live_evidence/controlled_rollback_2026-08-27/after_inventory.csv","9772","1C4ABA2C93034B66C4D9BB70A8B12E1DF5668F2F89BE825FDDCC5B19EB2AAEAC"
"live-evidence","outputs/v2_step_03_live_evidence/controlled_rollback_2026-08-27/before_inventory.csv","10133","8B6709FBBC82D78D29B223E303EF53D03316313D223D2BEC72CD266DB9E6A4A6"
"live-evidence","outputs/v2_step_03_live_evidence/controlled_rollback_2026-08-27/removed_step3_files.csv","468","6DDB6AB8058DAE02E9820598F9CBD60AEE424AE55517D1BC16751949DA42C5C6"
"live-evidence","outputs/v2_step_03_live_evidence/controlled_rollback_2026-08-27/removed_step3_files/win_x64/authority_source_registry.json","40340","3676CA43E5AFB8A5E443FDE6D04616918029E004E17EFAA022695D91E23DB60B"
"live-evidence","outputs/v2_step_03_live_evidence/controlled_rollback_2026-08-27/removed_step3_files/win_x64/ui_transition.mp3","27116","C7BBE97DAD356C68FDFE40F9E8C1CF4EADEBCCD125463214F963F66356F8D9F1"
"live-evidence","outputs/v2_step_03_live_evidence/controlled_rollback_2026-08-27/removed_step3_files/win_x64/XVatsim.xpl","2302976","E0AE9247EFCF079B6B22529DD4D089E8A59C5056A0937630634A3225C4EF5C46"
"live-evidence","outputs/v2_step_03_live_evidence/controlled_rollback_2026-08-27/removed_step3_files/xvatsim_diagnostics_2026_08_27.log","285635","E396BC65BCA72C574D3C5B74186FDEAABE7D4872DEF8074B753836C5638D3427"
"live-evidence","outputs/v2_step_03_live_evidence/controlled_rollback_2026-08-27/restored_files.csv","1675","6CB28165A8F5CBCD2FB32C0FDA7AD5FA96128485D6A675C483932303C2D91DF6"
"live-evidence","outputs/v2_step_03_live_evidence/controlled_rollback_2026-08-27/rollback_summary.txt","420","20C593DAA1C327F4F06B8C6B69508E3FAD532BE808287F1F71B3FE8BB24DBA86"
"live-evidence","outputs/v2_step_03_live_evidence/controlled_rollback_2026-08-27/SHA256SUMS.txt","1028","D3943D78D037203E1A70847B38001D75854CFA7FD734A8E3B98A4C683564E89E"
"live-evidence","outputs/v2_step_03_live_evidence/controlled_rollback_2026-08-27/verified_live_evidence_manifests_before_rollback.csv","1813","E84E4F7E005F846855F858A6E836483358005D7F8177C754B4F4772551CBD6CA"
"live-evidence","outputs/v2_step_03_live_evidence/drag_compaction_binary_isolation.txt","1274","916125A8D958E3E5EC2F67CFD7AD64DBC56C57F14287460507C6D70ED33E2653"
"live-evidence","outputs/v2_step_03_live_evidence/drag_compaction_complete_494.log","11794892","81DE37CC2E995AC9AEFE001F3D6BCCA62C83C9998577929CD24341E7F55268F8"
"live-evidence","outputs/v2_step_03_live_evidence/drag_compaction_correction_validation.txt","4412","0981AB3ABFCF568DD42141FE0C2A850A2DD4249879DF70185A29128181B49A8E"
"live-evidence","outputs/v2_step_03_live_evidence/drag_compaction_corrective_deployment_receipt.txt","3935","41BC4FD2A2CFA4ACF93707216E6596A58FC6D7B64A8C5ACBE3D24C227FAA0E55"
"live-evidence","outputs/v2_step_03_live_evidence/drag_compaction_fixture_build.log","7546","5B1DE5F8A69EB2F80DC54432137F091D3192C150E63DE8BB06649B03AE8E1E1A"
"live-evidence","outputs/v2_step_03_live_evidence/drag_compaction_fixture_CMakeCache.txt","15899","83DD809354E17F08CD62CA889FEFBBA4ADBE2BEBA27BDBE4D61632A122930979"
"live-evidence","outputs/v2_step_03_live_evidence/drag_compaction_fixture_configure.log","958","0856EAF7EC41DB3EBD1637CD1D9C8970586E87AD01590D27EBAF33D01E8C8702"
"live-evidence","outputs/v2_step_03_live_evidence/drag_compaction_fixture_contract_proof.log","687","1B89DE6769D28AB84492BEE8AA60943B9EE2E4377DF92EE7F4F4522399769B47"
"live-evidence","outputs/v2_step_03_live_evidence/drag_compaction_focused_31.log","6982","703816909C9B4890CC771AA831CCDFD306B62AD9446131407E4B64A16FE7CAF1"
"live-evidence","outputs/v2_step_03_live_evidence/drag_compaction_interim_windows_proof.md","10070","DEE6744796C5DD86C27CA7DCB3A908AF85EB69DFB71A7B27A072481558858FCA"
"live-evidence","outputs/v2_step_03_live_evidence/drag_compaction_legacy_463.log","11777150","41D70743500EFE9C160E52575C3DADC61C69CA7D80E7B4F72D41C45E897DB3ED"
"live-evidence","outputs/v2_step_03_live_evidence/drag_compaction_normal_build.log","9912","C6631B7F5C9657C6EABFBEEF0F2EBAB329DE1F8176A63AD6DA8E071EF2AF645B"
"live-evidence","outputs/v2_step_03_live_evidence/drag_compaction_normal_CMakeCache.txt","15797","8CA145BBCF975892D8CCE9E32D2DDF15EC97B0587C71492302CFCBE50275C234"
"live-evidence","outputs/v2_step_03_live_evidence/drag_compaction_normal_configure.log","1554","FBC8E505D6EAAE63BDC2B55CE0C38D6275BBACE847048857EFE74BA275DDF7EA"
"live-evidence","outputs/v2_step_03_live_evidence/drag_compaction_working_tree_scope.txt","8422","7C57C0A827AAD9B6C40402D913930A02DDF1372771A8BBECF86A9A5195454EF9"
"live-evidence","outputs/v2_step_03_live_evidence/final_fixture_off_smoke_2026-08-27/active_payload_manifest.csv","326","A44677B8B11DAAB0891B5BE2426AF45B1D1A998B79DCF1C1136C3AD73E6AAA6E"
"live-evidence","outputs/v2_step_03_live_evidence/final_fixture_off_smoke_2026-08-27/active_payload/win_x64/authority_source_registry.json","40340","3676CA43E5AFB8A5E443FDE6D04616918029E004E17EFAA022695D91E23DB60B"
"live-evidence","outputs/v2_step_03_live_evidence/final_fixture_off_smoke_2026-08-27/active_payload/win_x64/ui_transition.mp3","27116","C7BBE97DAD356C68FDFE40F9E8C1CF4EADEBCCD125463214F963F66356F8D9F1"
"live-evidence","outputs/v2_step_03_live_evidence/final_fixture_off_smoke_2026-08-27/active_payload/win_x64/XVatsim.xpl","2302976","E0AE9247EFCF079B6B22529DD4D089E8A59C5056A0937630634A3225C4EF5C46"
"live-evidence","outputs/v2_step_03_live_evidence/final_fixture_off_smoke_2026-08-27/final_inventory.txt","793","DB55768936C3F8914702B600DB0B3EAF2A027B76C1B4E501ACE3DD4A91984E39"
"live-evidence","outputs/v2_step_03_live_evidence/final_fixture_off_smoke_2026-08-27/final_performance_aggregates.txt","14384","B44895C87B8FD97CE0F0966B41D4BD995A95D13D1F610EA82AEE19180674C034"
"live-evidence","outputs/v2_step_03_live_evidence/final_fixture_off_smoke_2026-08-27/live_smoke_summary.md","1370","1A89DEFDEFD5310221CACF05BE420602D7329E6BC5CEBBAAA957D5F743202A7A"
"live-evidence","outputs/v2_step_03_live_evidence/final_fixture_off_smoke_2026-08-27/Screenshot 2026-08-27 143627.png","1742762","4F62B4121C700769455A4A5DFAB36DDF86F5A84CBEA90BBDB810CF812A13B294"
"live-evidence","outputs/v2_step_03_live_evidence/final_fixture_off_smoke_2026-08-27/Screenshot 2026-08-27 143635.png","1929727","C7AE0FCC56954E7D881D00329079E0B0E0B5F57AF5F6D9239192C60597A83D6D"
"live-evidence","outputs/v2_step_03_live_evidence/final_fixture_off_smoke_2026-08-27/Screenshot 2026-08-27 143641.png","2030425","8B996F73D2A4990CBC33398A3F6F06064D4E6AA17FE3560418512C3E1CB70ACE"
"live-evidence","outputs/v2_step_03_live_evidence/final_fixture_off_smoke_2026-08-27/Screenshot 2026-08-27 143647.png","2036047","4E5423E96980995CF24CB2C8BF34B8A6A24528F5B970FC688B3413B7155617B3"
"live-evidence","outputs/v2_step_03_live_evidence/final_fixture_off_smoke_2026-08-27/Screenshot 2026-08-27 143713.png","1897155","F7048FA30D1FAFA10FCFBBDAF7DE6FB84763427ED3DB52B456D68349CEF1F5C4"
"live-evidence","outputs/v2_step_03_live_evidence/final_fixture_off_smoke_2026-08-27/screenshot_manifest.csv","1326","CBC1B2F79339BAA63E916CA0703B4C08FA0A23927C9E12FD3C2DE80775F7B8AF"
"live-evidence","outputs/v2_step_03_live_evidence/final_fixture_off_smoke_2026-08-27/SHA256SUMS.txt","1478","08ADF4C7923D799531BE3A46A9E5D8079B5516563CB35930CAA04F2B1F338D04"
"live-evidence","outputs/v2_step_03_live_evidence/final_fixture_off_smoke_2026-08-27/X-Plane_Log.txt","169427","889AD2D9E1EA5F58CF0EF60B8CEC44B80502EC1281EEA0A0BA63F774F61F9CA5"
"live-evidence","outputs/v2_step_03_live_evidence/final_fixture_off_smoke_2026-08-27/xvatsim_diagnostics_2026_08_27.log","285635","E396BC65BCA72C574D3C5B74186FDEAABE7D4872DEF8074B753836C5638D3427"
"live-evidence","outputs/v2_step_03_live_evidence/phase1_original_screenshot_manifest.tsv","3071","2D7018B38AB5D9E2DE9C48400964BA6A589108C4FFF10697027E7EE60329D977"
"live-evidence","outputs/v2_step_03_live_evidence/Screenshot 2026-08-27 002759.png","816817","E257A8534C361A03A5B47CAD3F4A2553286A733F77935C830F8A73C18F36CA2C"
"live-evidence","outputs/v2_step_03_live_evidence/Screenshot 2026-08-27 002808.png","781120","DD5C69AA07D6AF6892378EB3FA6606D75464CBC7593B8E55C527C1C0497C21AA"
"live-evidence","outputs/v2_step_03_live_evidence/Screenshot 2026-08-27 002815.png","802841","16C1549BFF3BB04B569F1534F531CA72678DF014A22E2E5968CEF63ADA8297AC"
"live-evidence","outputs/v2_step_03_live_evidence/Screenshot 2026-08-27 002820.png","803595","9F2140705615EE575B48A4C40F81A6EE6131B593BDC4588E4AD0FCB1398E0F48"
"live-evidence","outputs/v2_step_03_live_evidence/Screenshot 2026-08-27 002854.png","283445","3C0469E60BF4BC38AD855E0D02477AFB4223E94B4F311085A828DE39CB83709E"
"live-evidence","outputs/v2_step_03_live_evidence/Screenshot 2026-08-27 002905.png","524153","2F1D720971AE0ED69A126D0CCDBB9999114931EF001C961AAE6152AB056B4A51"
"live-evidence","outputs/v2_step_03_live_evidence/Screenshot 2026-08-27 002913.png","868198","30F5BDF0051F5E2E62D00E8A25C2680BB7A44FAA9D8E5FCAB78483966AC07A31"
"live-evidence","outputs/v2_step_03_live_evidence/SHA256SUMS.txt","2378","2884C1BCC6091FF9BD98757CDD273BD59BAD059E157DA265D1984968118CF30D"
"live-evidence","outputs/v2_step_03_live_evidence/timing_instrumentation_live_diagnostics_2026_08_27.log","103577","0943D1A42D81756000E2DB0A5D97CC6790F927677449FA1C85F7D7B638F0DEF4"
"live-evidence","outputs/v2_step_03_live_evidence/timing_instrumentation_live_proof.md","5513","25524E6E307DF3CBE3B83A36D9D28438DDE7912A2500510D6076EFAC4FDAFA53"
"live-evidence","outputs/v2_step_03_live_evidence/timing_instrumentation_SHA256SUMS.txt","435","7AE6E251266F775DCF1795B5676A316DE78571B4D1F70622E1D98579B3C349BD"
"live-evidence","outputs/v2_step_03_live_evidence/timing_instrumentation_windows_proof.md","11062","4257646E65FD8297EA0A3CEE990B159EAA3A97380EC71661233C8AF3D98B22AC"
"live-evidence","outputs/v2_step_03_live_evidence/timing_instrumentation_X-Plane_Log.txt","169253","DC089F5B26D7AE133938809B7BF6CBD2800F54D22C46FE32A916C17FF1941AF9"
"live-evidence","outputs/v2_step_03_live_fixture_evidence/binary_string_isolation.txt","1292","FEC0C99BFF971CC0FF462F8610D5DBDB87FD97D1E7762F61D8D90DE91CF4A2DB"
"live-evidence","outputs/v2_step_03_live_fixture_evidence/cache_relevant_values.txt","949","B06F0A2243DA36FF32F7C855279FACB2B73211DF080BE6AB91C65B30DA18D7B6"
"live-evidence","outputs/v2_step_03_live_fixture_evidence/complete_494.txt","11785062","359F170C8F97199F384E2702CF35C45C5136E6C7F779F9D0B122AAB855B23B8E"
"live-evidence","outputs/v2_step_03_live_fixture_evidence/corrected_fixture_deployment/corrected_fixture_deployment_receipt.md","2316","1F74712B79B6BABDEFF8620B70661113520D7B68798D83367BB43FF5AF03A8BB"
"live-evidence","outputs/v2_step_03_live_fixture_evidence/corrected_fixture_deployment/failed_active_atomic_backup_F245B7A6.xpl","2294272","F245B7A6BF170C64627162B64966A34A0A85BD05157071A331E437A73BFDB598"
"live-evidence","outputs/v2_step_03_live_fixture_evidence/corrected_fixture_deployment/failed_active_before_swap_F245B7A6.xpl","2294272","F245B7A6BF170C64627162B64966A34A0A85BD05157071A331E437A73BFDB598"
"live-evidence","outputs/v2_step_03_live_fixture_evidence/corrected_fixture_deployment/postdeployment_verification.txt","1126","B415A568D1F4B3F5F461138AFB979A3F2AEE220B4574FFA896AC15D672695001"
"live-evidence","outputs/v2_step_03_live_fixture_evidence/corrected_fixture_deployment/predeployment_state.txt","1232","86A5036BDDB8B65225276B9B3A4769F6CCD06AB898FEA61F285A53106C45CC19"
"live-evidence","outputs/v2_step_03_live_fixture_evidence/corrected_fixture_deployment/SHA256SUMS.txt","511","5DB68F9ABAD08D33BD419F6F125EF2BD12A232B0FCCB10CACBAB96C7B4EF7E72"
"live-evidence","outputs/v2_step_03_live_fixture_evidence/dual_clock_deployment/accepted_fixture_before_dual_clock_E9582B15.xpl","2295296","E9582B15F2BA86D0106AE9D70DB59A27850836775EC43222745804356387E9C9"
"live-evidence","outputs/v2_step_03_live_fixture_evidence/dual_clock_deployment/corrected_fingerprint_lineage.txt","518","1D15887187FBBE456C21022094A8D5C8F1ADF677777596B0B1DF9F44CD652A1D"
"live-evidence","outputs/v2_step_03_live_fixture_evidence/dual_clock_deployment/dual_clock_fixture_deployment_receipt.md","2644","2E27F764574B523E90412E1E75AFF2DF73FA6F9692EE05F6CB4A4A731871B312"
"live-evidence","outputs/v2_step_03_live_fixture_evidence/dual_clock_deployment/manifest_verification.txt","644","A01C0E172C0F202507686367C0538156C37E61A56F4B03CC8A9725DE1573AFEA"
"live-evidence","outputs/v2_step_03_live_fixture_evidence/dual_clock_deployment/postdeployment_verification.txt","1715","02970AD2D82AA3C7D2DB9BC23BEA7B05F56D2700460542F9C414F37129B633E2"
"live-evidence","outputs/v2_step_03_live_fixture_evidence/dual_clock_deployment/predeployment_state.txt","1414","107AC6E34EA46680DD04EDCD5502DD427E9FCEC73452F43709FDCE14EF76091F"
"live-evidence","outputs/v2_step_03_live_fixture_evidence/dual_clock_deployment/proven_dual_clock_fixture_F566157B.xpl","2312192","F566157B1C50A1D09AEDB8372967CCDD3B278CF946D459D8F3B220D14543A2C5"
"live-evidence","outputs/v2_step_03_live_fixture_evidence/dual_clock_deployment/SHA256SUMS.txt","620","F4155494FFDCDA98984AB3A1670589FF23F09B014267AA1EF003DA7D2BD26AC2"
"live-evidence","outputs/v2_step_03_live_fixture_evidence/fixture_CMakeCache.txt","15899","83DD809354E17F08CD62CA889FEFBBA4ADBE2BEBA27BDBE4D61632A122930979"
"live-evidence","outputs/v2_step_03_live_fixture_evidence/fixture_configure.txt","958","0856EAF7EC41DB3EBD1637CD1D9C8970586E87AD01590D27EBAF33D01E8C8702"
"live-evidence","outputs/v2_step_03_live_fixture_evidence/fixture_contract_proof.txt","687","1B89DE6769D28AB84492BEE8AA60943B9EE2E4377DF92EE7F4F4522399769B47"
"live-evidence","outputs/v2_step_03_live_fixture_evidence/fixture_release_build.txt","3966","6FF4BE14E611B5C1C3CD9363AAB717CB0B06FC529AFFB7605097C47140F120F3"
"live-evidence","outputs/v2_step_03_live_fixture_evidence/fixture_validation.txt","3979","D15CE82C275E2CFCC0A9C3CEBA15A2D7B696A9EBAF3B887B88C93AD7A113EF97"
"live-evidence","outputs/v2_step_03_live_fixture_evidence/focused_31.txt","7042","AD67B840F437A0D770408A261E8EF1E257E5C9A71978979A21DF9A27B0CC754A"
"live-evidence","outputs/v2_step_03_live_fixture_evidence/legacy_463.txt","11778074","B6686BE01F19FCD77179C970F61F1FA488EA3D2465A9AB29A5369471D86CACAC"
"live-evidence","outputs/v2_step_03_live_fixture_evidence/lifecycle_correction_windows_proof.md","12360","8EAF3C6B8EF66BC90F77E8B74301DFF284FD48726778829D41EDF29D2E71BEDE"
"live-evidence","outputs/v2_step_03_live_fixture_evidence/lifecycle_correction/binary_isolation_self_detach.txt","877","555F39B1DF0DED6E228F7C30702E2522F6EF7CBD60CE90B05E078CB24DA3C6F9"
"live-evidence","outputs/v2_step_03_live_fixture_evidence/lifecycle_correction/cache_relevant_values.txt","777","8F1F639AC799CB953116388F07AE1C52C64A82E0206B77AC7105ED0BDF63FCE4"
"live-evidence","outputs/v2_step_03_live_fixture_evidence/lifecycle_correction/complete_494.log","11784113","08457570278429CE14073A8506417E1DFC648BFB406163FF743DBAC23C494581"
"live-evidence","outputs/v2_step_03_live_fixture_evidence/lifecycle_correction/corrected_fixture_self_detach_EF931DF2.xpl","2295296","EF931DF26938ED604DD6337EC34DE592945CBFE902E212D717252E376A44B3C3"
"live-evidence","outputs/v2_step_03_live_fixture_evidence/lifecycle_correction/failed_fixture_F245B7A6.xpl","2294272","F245B7A6BF170C64627162B64966A34A0A85BD05157071A331E437A73BFDB598"
"live-evidence","outputs/v2_step_03_live_fixture_evidence/lifecycle_correction/fixture_build.log","7546","325E662956C2083A546596D69DC0B7EE68731326E839075EF2C08009B6A084F2"
"live-evidence","outputs/v2_step_03_live_fixture_evidence/lifecycle_correction/fixture_CMakeCache.txt","15813","B18E0BA094303AAB36C3BEAFE660756F43120E6BE59D3E673C2F435141CCC0BA"
"live-evidence","outputs/v2_step_03_live_fixture_evidence/lifecycle_correction/fixture_configure.log","958","7D5137AA037C5EB014344606DBBAE71C93A68A17058B095FB87484BEDE2E64C9"
"live-evidence","outputs/v2_step_03_live_fixture_evidence/lifecycle_correction/fixture_contract_proof.log","1033","DED407DA2D5F4676D9948E7900F9045B956A411FC40B9B4F33D978D294FAEFEC"
"live-evidence","outputs/v2_step_03_live_fixture_evidence/lifecycle_correction/fixture_release_build.log","7546","5B1DE5F8A69EB2F80DC54432137F091D3192C150E63DE8BB06649B03AE8E1E1A"
"live-evidence","outputs/v2_step_03_live_fixture_evidence/lifecycle_correction/fixture_verifier_56.log","1298","D64F4359312682387CA5A2F7565DB9B5C8CF5211E5A15D594C45D558EDA00938"
"live-evidence","outputs/v2_step_03_live_fixture_evidence/lifecycle_correction/focused_31.log","7016","193EEDEC827777ADD94C74FD0F93FEF0940970EDA9BB8A98AD36A8D26CC2177A"
"live-evidence","outputs/v2_step_03_live_fixture_evidence/lifecycle_correction/legacy_463.log","11777185","7A1FCBD9E01501DC7608939C3F82CA33CAD9B383FB135605E2CA2854204DB852"
"live-evidence","outputs/v2_step_03_live_fixture_evidence/lifecycle_correction/lifecycle_correction_proof.md","6299","B4B04FEE2842DC2653C8883FEEFD291E8838D5B02B93992AADFF6B21C46F9A57"
"live-evidence","outputs/v2_step_03_live_fixture_evidence/lifecycle_correction/newly_linked_fixture_off_27059271.xpl","2270208","270592710988964BD637BB223F3AE3EED3542B0FC32B5F1833B9299D9CB1A141"
"live-evidence","outputs/v2_step_03_live_fixture_evidence/lifecycle_correction/normal_CMakeCache.txt","16467","DE49E84B879E7D498FA10A896838FC0E50CB96C3274FA9BE8F1C4BE54F380755"
"live-evidence","outputs/v2_step_03_live_fixture_evidence/lifecycle_correction/normal_release_build.log","5516","4DF948A95ED23146F1E815A2245B84DD45D69930C0AABBA7024760E1B1DB79BB"
"live-evidence","outputs/v2_step_03_live_fixture_evidence/lifecycle_correction/scenario_fingerprint.txt","216","CF2F1D30D33A7F08220E65BCC39E7D8EEBFB2CB3B761592725C0D7F7F320B154"
"live-evidence","outputs/v2_step_03_live_fixture_evidence/lifecycle_correction/scope_and_whitespace.txt","11862","8CD2246D62A98560315706BD9DB456B38D872AC5BBBDCC36C0BBFA2E03FABAEC"
"live-evidence","outputs/v2_step_03_live_fixture_evidence/lifecycle_correction/SHA256SUMS.txt","1755","4508D9BA19A77B895DB1FA4EDAC330A62A6F0EC620F105527A90956A879A48D8"
"live-evidence","outputs/v2_step_03_live_fixture_evidence/nonblocking_worker_live_reproof_2026-08-27/final_inventory.txt","1205","8F257CAC8D65E560170EEE5595C51CC36CB5914C65278A8840C9BB4DA9DAB946"
"live-evidence","outputs/v2_step_03_live_fixture_evidence/nonblocking_worker_live_reproof_2026-08-27/live_reproof_summary.md","3595","BDBA2674360EF2671BBA59AA23E2ACD0A2434F597712AA8ABFC0B2B9CB2C9955"
"live-evidence","outputs/v2_step_03_live_fixture_evidence/nonblocking_worker_live_reproof_2026-08-27/Screenshot 2026-08-27 140918.png","2014558","1947155F7755A74CBB3DE691E823724C1E11FB2BAEA10FD4E7E2A123E1B7C5D3"
"live-evidence","outputs/v2_step_03_live_fixture_evidence/nonblocking_worker_live_reproof_2026-08-27/Screenshot 2026-08-27 140926.png","1977590","E69CE43B69FD834B559DF7B793FFA7B0C39EC7F97A4B7EE014824522E44DFED9"
"live-evidence","outputs/v2_step_03_live_fixture_evidence/nonblocking_worker_live_reproof_2026-08-27/Screenshot 2026-08-27 140933.png","2150963","9AB3722EEADFD5E7C640D66974749D7403F043DD5884AB2565979E0A9F0CD55B"
"live-evidence","outputs/v2_step_03_live_fixture_evidence/nonblocking_worker_live_reproof_2026-08-27/Screenshot 2026-08-27 141102.png","1988712","F9EC2C477E9EA44B718CDA925437F2239E214EA06C64BC6DBB2642AA463C5E7C"
"live-evidence","outputs/v2_step_03_live_fixture_evidence/nonblocking_worker_live_reproof_2026-08-27/Screenshot 2026-08-27 141414.png","1909981","518E9626D5C614FBEB9549B66925FE035C9D3D6580978AF9BE9319440815F553"
"live-evidence","outputs/v2_step_03_live_fixture_evidence/nonblocking_worker_live_reproof_2026-08-27/screenshot_manifest.tsv","1268","5E322B81B9DBC70AB15921F47605B91A903C9BB2381F5840CABE70F423E16A87"
"live-evidence","outputs/v2_step_03_live_fixture_evidence/nonblocking_worker_live_reproof_2026-08-27/SHA256SUMS.txt","974","164F60A0F1C49167149C1A35FA2BEEA756F8EF1347121596988C53D5A51435AB"
"live-evidence","outputs/v2_step_03_live_fixture_evidence/nonblocking_worker_live_reproof_2026-08-27/X-Plane_Log_completed.txt","171779","2029C92EB059DF3BA618D308854D6CFF0ECB768CDCAE7F07A790F9DBF6846DE2"
"live-evidence","outputs/v2_step_03_live_fixture_evidence/nonblocking_worker_live_reproof_2026-08-27/xvatsim_diagnostics_2026_08_27_completed.log","257982","215E00FC4B8B61421AB25AA943F6498EB772656E878F63B745D10B0FE0AAD3DC"
"live-evidence","outputs/v2_step_03_live_fixture_evidence/normal_CMakeCache.txt","15883","D364660E34683924DD0DB6E4721BF8BA40B45F898B76A5F0E7CF5C38A9712A73"
"live-evidence","outputs/v2_step_03_live_fixture_evidence/normal_configure.txt","954","59A0E73926FB4D4B0A07573221A0864754E1E009943C29A78E81EA4BD343EB78"
"live-evidence","outputs/v2_step_03_live_fixture_evidence/normal_release_build.txt","9577","23761261BDDDF670634685AE3E9ABC287D3545D84322CA3F72691CDBFEA07926"
"live-evidence","outputs/v2_step_03_live_fixture_evidence/phase2_deployment_SHA256SUMS.txt","292","27C5D91D05DA544918BD746D86F12D2DCF5ECEB6B1FD4CC396C9BC6C79708832"
"live-evidence","outputs/v2_step_03_live_fixture_evidence/phase2_failed_startup_attempt_2026-08-27/Log.txt","171651","4F7FB0EC914A9B90DD70AF30ADF41FA01B484E8201716B8E51A47BA7B6BC5D3C"
"live-evidence","outputs/v2_step_03_live_fixture_evidence/phase2_failed_startup_attempt_2026-08-27/phase2_failed_startup_diagnosis.md","2285","B673C97CAB04816E1E3E237FB11FB45016EB78AEF110397EAC74370516846D86"
"live-evidence","outputs/v2_step_03_live_fixture_evidence/phase2_failed_startup_attempt_2026-08-27/Screenshot 2026-08-27 092910.png","1781048","022B973D3CF98896A8F6584A8B1AA8B04A2501CA9591B25ABDE1B70F3EB57E34"
"live-evidence","outputs/v2_step_03_live_fixture_evidence/phase2_failed_startup_attempt_2026-08-27/Screenshot 2026-08-27 092916.png","1863595","CF585FE6D925B526D446253BFCE18BB6CD47FB03B45442C9CB0888B0F514CA4A"
"live-evidence","outputs/v2_step_03_live_fixture_evidence/phase2_failed_startup_attempt_2026-08-27/Screenshot 2026-08-27 092922.png","1938558","B248B67E4D4AD6931C84DB02AA496C56684F7D09C8FEF7397528096F7F0AEB33"
"live-evidence","outputs/v2_step_03_live_fixture_evidence/phase2_failed_startup_attempt_2026-08-27/SHA256SUMS.txt","472","D6F5F6D8C69DC5F076B4EF6ED1E292B1DF870FBB9E03A6BD14B532ADFF85527C"
"live-evidence","outputs/v2_step_03_live_fixture_evidence/phase2_failed_startup_attempt_2026-08-27/xvatsim_diagnostics_2026_08_27.log","148711","9F13EDEC11A108E99AFF35458FDCF98E807ADA42FE7D582F458CB725CDA9E73D"
"live-evidence","outputs/v2_step_03_live_fixture_evidence/phase2_fixture_CMakeCache.txt","15899","83DD809354E17F08CD62CA889FEFBBA4ADBE2BEBA27BDBE4D61632A122930979"
"live-evidence","outputs/v2_step_03_live_fixture_evidence/phase2_fixture_deployment_proof.md","4399","DBC4FE78B38450785673051CBAA8D843365E763989D46D2A17EC70E9ABABA883"
"live-evidence","outputs/v2_step_03_live_fixture_evidence/phase2_normal_CMakeCache.txt","15797","8CA145BBCF975892D8CCE9E32D2DDF15EC97B0587C71492302CFCBE50275C234"
"live-evidence","outputs/v2_step_03_live_fixture_evidence/registration_cleanup/binary_isolation.txt","782","A27F00CB7B2DFD86E755653FBACF1A381277236D37BCA873B9F1BA75F898E2F6"
"live-evidence","outputs/v2_step_03_live_fixture_evidence/registration_cleanup/cache_relevant_values.txt","777","8F1F639AC799CB953116388F07AE1C52C64A82E0206B77AC7105ED0BDF63FCE4"
"live-evidence","outputs/v2_step_03_live_fixture_evidence/registration_cleanup/callback_registration_cleanup_proof.md","4345","98065213FE85F834058FC35098568165FFA9BB5A86E53C4AA26E0CC90A7B5DA7"
"live-evidence","outputs/v2_step_03_live_fixture_evidence/registration_cleanup/complete_494.log","11784113","D9BEED8C71C0716920F8C5B1C93A43261D8B1211B58F947E458FFAC1A4C1E027"
"live-evidence","outputs/v2_step_03_live_fixture_evidence/registration_cleanup/corrected_fixture_registration_cleanup_E9582B15.xpl","2295296","E9582B15F2BA86D0106AE9D70DB59A27850836775EC43222745804356387E9C9"
"live-evidence","outputs/v2_step_03_live_fixture_evidence/registration_cleanup/fixture_build.log","7546","5DA9A47ACE5C486145743B1EF242B947B220BA5DDFB2F5426BE6FC5267E91B7B"
"live-evidence","outputs/v2_step_03_live_fixture_evidence/registration_cleanup/fixture_CMakeCache.txt","15813","B18E0BA094303AAB36C3BEAFE660756F43120E6BE59D3E673C2F435141CCC0BA"
"live-evidence","outputs/v2_step_03_live_fixture_evidence/registration_cleanup/fixture_configure.log","958","46678C2CFB5449896A47A46AA60ACBD9AB1838130159BFC4E7D061312BE023C9"
"live-evidence","outputs/v2_step_03_live_fixture_evidence/registration_cleanup/fixture_verifier_63.log","1732","E142C9735976FF321DDD3315BCCDB9B195D5B260085E1C87F70063022FF382FF"
"live-evidence","outputs/v2_step_03_live_fixture_evidence/registration_cleanup/focused_31.log","7017","7DA0F3CA2F6EF2F68284DE61B7F55A0A6DEF578E3597D113CF23B5A1A681AEC0"
"live-evidence","outputs/v2_step_03_live_fixture_evidence/registration_cleanup/legacy_463.log","11777185","9C25BD0CC91641498FFDBFFE758A6802B57BDC5F873A04D1360BA7529FD17CCB"
"live-evidence","outputs/v2_step_03_live_fixture_evidence/registration_cleanup/newly_linked_fixture_off_27059271.xpl","2270208","270592710988964BD637BB223F3AE3EED3542B0FC32B5F1833B9299D9CB1A141"
"live-evidence","outputs/v2_step_03_live_fixture_evidence/registration_cleanup/normal_CMakeCache.txt","16467","DE49E84B879E7D498FA10A896838FC0E50CB96C3274FA9BE8F1C4BE54F380755"
"live-evidence","outputs/v2_step_03_live_fixture_evidence/registration_cleanup/normal_release_build.log","5516","DA7A1682EE1216A77F259C89726AAAFE5EEB2ED126E59FFB404F171443F04983"
"live-evidence","outputs/v2_step_03_live_fixture_evidence/registration_cleanup/scenario_fingerprint.txt","216","CF2F1D30D33A7F08220E65BCC39E7D8EEBFB2CB3B761592725C0D7F7F320B154"
"live-evidence","outputs/v2_step_03_live_fixture_evidence/registration_cleanup/scope_and_whitespace.txt","12816","30005ED09AB96EF4C59F40594E9B450325F6570B8E815C1F732AE1C9C338EFD6"
"live-evidence","outputs/v2_step_03_live_fixture_evidence/registration_cleanup/SHA256SUMS.txt","1479","56A529E9632380E707F0F9053B8337E68167D632D7D8A3D62AAF31EB6CD7054A"
"live-evidence","outputs/v2_step_03_live_fixture_evidence/SHA256SUMS.txt","1237","F132413C992FA2C0E6ABC7E57ACD4149ED2B6F93C5AB4441727EE1F16D3DB239"
"live-evidence","outputs/v2_step_03_live_fixture_evidence/working_tree_scope.txt","2275","B3A9121CC2B1FB9E8FF572D1AE71B4B326CBF04D8896055634AA915AE9E6B837"
"protected-or-proof","outputs/v2_step_01_windows_proof_baseline_receipt.md","2612","7A762200007C2AB0817C2DBE1997624F7CA17416A542012B641C153C18A39727"
"protected-or-proof","outputs/v2_step_02_ifr_vfr_mode_foundation_receipt.md","18847","9C7770DA29B354C1DE2F35224D9AFF9F0D02BC4658B8885EEDC3EA3C8F1FABF4"
"protected-or-proof","outputs/v2_step_03_precommit_pass_windows_proof.md","21335","09454FD38C9F835EECF471307A7A784848088C04729523AE9878B3D8F3A9A1EF"
"protected-or-proof","outputs/v2_step_03_precommit_proof/SHA256SUMS.txt","3039","17B7EDD1A23EE311C0093FFDC2B6D99E83B90B7EC6EA486D92F8BB8EF5E602CC"
"scenario","tools/regression_harness/scenarios/airport_center_token_cannot_match_terminal_airspace.scn","1003","414EBE1427955F8F9CF4CAD08B1331FBF20B7AFC946B845F4E20DB10E634D234"
"scenario","tools/regression_harness/scenarios/airport_coverage_accepts_complete_center_refresh.scn","688","4899F9A8A3A1AA138C475C266B23DE5997EB3D67ADD414A562E5EACD7CD374BB"
"scenario","tools/regression_harness/scenarios/airport_coverage_authority_catalog_prefix_only.scn","450","91F200D890FFFD96594550D0B8DF092F27645D590B23EC3D3B83B07D3579ADC7"
"scenario","tools/regression_harness/scenarios/airport_coverage_ignores_arbitrary_boundary_properties.scn","465","BDED7E05E93A4F5791CC752FF354E36ACA6CE8D80AF0E510C75B933464685630"
"scenario","tools/regression_harness/scenarios/airport_coverage_no_catalog_no_identifier_fallback.scn","397","335076BE0E797613CEDBA66622DFEF56842C2A42A1EC59124411EAAE309F2FE3"
"scenario","tools/regression_harness/scenarios/airport_coverage_rejects_boundary_without_catalog_refresh.scn","515","18B0DE2EE3ADC41D60E6A76A0B32AC5CB3120E1BDFA7B65717D9ED9D961CA745"
"scenario","tools/regression_harness/scenarios/airport_coverage_rejects_catalog_without_boundary_refresh.scn","507","3E6CAB8806960862972437376DF7BF22D09C2089AD045E1F3DB3865418BA6B21"
"scenario","tools/regression_harness/scenarios/airport_coverage_terminal_tokens_authoritative.scn","370","C2DF330DB8A5EE8A0AD559562C71655D1CB85B1AC8EA0728E0C940E9E591573C"
"scenario","tools/regression_harness/scenarios/airport_local_accepts_facility_truth.scn","616","793530ACDA75A08E9E39101C8651FC50ACD55CB2579C8543D7CCF04BAB87E834"
"scenario","tools/regression_harness/scenarios/airport_local_rejects_suffix_without_facility_truth.scn","602","162D4AA774B6A853D9CF415128B1C1B0A83F972850ADFC71C7FE6431675FA008"
"scenario","tools/regression_harness/scenarios/airport_sector_stale_does_not_populate_terminal_airspace.scn","1200","3762F4A4332B901FA4F8A1AB9392154075A5681FF3289A3DDE543870D147463C"
"scenario","tools/regression_harness/scenarios/airport_terminal_accepts_fresh_snapshot_after_refresh.scn","571","5AA56555EB4BDC0AB5410B377C5BD4EA85397057739001A3CCA13B1E33ACD71D"
"scenario","tools/regression_harness/scenarios/airport_terminal_cache_rebuilds_after_refresh.scn","683","D5E08D32D4AC8CE003C2284D95D3CE81BECF42129FE5265A2796D3DBAFB9D8D3"
"scenario","tools/regression_harness/scenarios/airport_terminal_rejects_stale_snapshot_after_refresh.scn","612","BCEAAF0C9920AA8944F669D7EBF053D3B3BE7BC722A7473A4CC042D93F442E4E"
"scenario","tools/regression_harness/scenarios/airport_tracon_boundary_generates_source_owned_patterns.scn","518","1DE797BB46B06F834EBFCE0F91C2131CF2A2A2A04468B69A8D3A3D0EAF053530"
"scenario","tools/regression_harness/scenarios/ambiguous_symbol_prefers_airway_context.scn","1399","461F34C435DC804C0896A92136CD2E8855A16D4765254E3821A1FC9C5B60C857"
"scenario","tools/regression_harness/scenarios/antimeridian_exact_crossing.scn","406","1A473B7638EABB59979276F3963158EBB57EE6F4F735C6AB5421BBD91B8432F6"
"scenario","tools/regression_harness/scenarios/authority_activation_controller_lights_polygon.scn","604","DD9633B24BA00B0E42EF36F521B7CAE369F4F8DACEA047A71928ACF115AE8337"
"scenario","tools/regression_harness/scenarios/authority_activation_missing_polygon_is_data_gap.scn","473","F7E04264506C5B8AE4EAB94310B17B99BB73C12629CEE266C6D10B92377BCA80"
"scenario","tools/regression_harness/scenarios/authority_cache_rebuilds_when_new_route_owned_center_appears.scn","2051","EB9B573AEC443CAED9E940FC24D9C3A9D3459E67A900D32F189AFDC619DBE545"
"scenario","tools/regression_harness/scenarios/authority_cache_reuse_tuned_reachable_off_route_center_not_authoritative.scn","1232","7C265BD12D7A254B27B28DC172863AB79D9942E55550562E074D57A2228B0BF5"
"scenario","tools/regression_harness/scenarios/authority_cache_reuses_proof_for_route_scope_source_churn.scn","1862","E9A7C7D916F45A770D38410774F366A1233A6C8FA6296249904C83424B486CCF"
"scenario","tools/regression_harness/scenarios/authority_cache_reuses_proof_on_route_window_transition.scn","2682","E476BB46B2EABDA47EB2A0E4D2723F406138588DC0E2FFECD62424F13FFCFB8F"
"scenario","tools/regression_harness/scenarios/authority_cache_reuses_proof_on_second_route_window_transition.scn","2610","8A02DAAA5B54E6EE9F128694F420EC1F28375754E4CEDD3C0421ACE95F758542"
"scenario","tools/regression_harness/scenarios/authority_compiler_accepts_bare_center_callsign.scn","401","90B6E504BD3214C44E8FE57AEEF6987AA48D358158FB8CBCCF2DD351A47A641D"
"scenario","tools/regression_harness/scenarios/authority_compiler_blank_prefix_is_unmapped_gap.scn","417","051C86EBF38F53337B37E688A85F56A8676C9F4FBC4726E7FDE7B0402653199A"
"scenario","tools/regression_harness/scenarios/authority_compiler_rejects_wrong_facility.scn","378","126DC5DD3235912AF31AAE89585EDD953F4764E1B0A3CAF7DE95CF86EF59CE48"
"scenario","tools/regression_harness/scenarios/authority_compiler_vatspy_hkg_activates_polygon.scn","415","62EA62A92ED12E18A3994E0586E47EF63B593139547DF2567DAFE82A13C729E2"
"scenario","tools/regression_harness/scenarios/authority_polygons_invalid_ring_is_data_gap.scn","362","EF93A4AC57E8C9AE34D30CFE0A1A6F4DB77D189AB12E866D8D029D1215E9DF79"
"scenario","tools/regression_harness/scenarios/authority_polygons_simaware_tracon_compiles.scn","460","6D74482A333D7704D5766F91FB77D7709FDBBEB8050480D2B963B3C213041B70"
"scenario","tools/regression_harness/scenarios/authority_polygons_vatspy_boundary_compiles.scn","413","118A1D0146A0B8089AD5B0C1C46FF3C214F6936EAFC046865AD36729C5DE52D9"
"scenario","tools/regression_harness/scenarios/authority_position_explicit_callsign_activates_polygon.scn","971","AEA2A9EE486B6E782B2438E04B098E8364D367AC410D81E162919636317FC8A0"
"scenario","tools/regression_harness/scenarios/authority_position_json_vatglasses_ingests_positions.scn","1027","568246735DF73458F48B6B512BFF4007EFEECA2D4467EBD1D64CA8073CAB87A7"
"scenario","tools/regression_harness/scenarios/authority_position_json_vatglasses_static_frequency_matches_suffix.scn","1068","5CBB6B1B91A7058E6DA5EE0CA9B13C11BE7993AE9E48EDE1AC177EE04B43F2B9"
"scenario","tools/regression_harness/scenarios/authority_position_json_vatglasses_static_rejects_wrong_frequency.scn","971","9E8AB99203F045C3288B540134C2197487B1988778519D39D69FCB923685170B"
"scenario","tools/regression_harness/scenarios/authority_position_rejects_unsourced_suffix.scn","842","FC98E33B2B41AB3A7D65438C6550A856968A34FCB3FDBAB4C47F607524C296AD"
"scenario","tools/regression_harness/scenarios/authority_relevance_aircraft_inside_active_polygon.scn","638","F1C2A24C876F84B6E1BE22E2C6A70A0943650E6C4DE3DEF594F43CF1A75C8A28"
"scenario","tools/regression_harness/scenarios/authority_relevance_ignores_non_intersecting_active_polygon.scn","669","C410C05AF903A596C0D64235FF98A714463FF1E471C0CA0D2404DBB3CA6F9BE7"
"scenario","tools/regression_harness/scenarios/authority_relevance_route_intersects_active_polygon.scn","642","199B6190F75884B5102D4CBA2696859FB8DEC51CDD017689E7848F1C1D9B89C3"
"scenario","tools/regression_harness/scenarios/authority_source_registry_accepts_dynamic_directory_entry.scn","1164","3F7F17248C0EB644CE91EE6C29D854E08BEE1F5FD655BE8CA8E72D8FF0BA6239"
"scenario","tools/regression_harness/scenarios/authority_source_registry_accepts_real_vatglasses_urls.scn","803","89D4A0F74B21045F7C6E513553B6C45CBD6EB48EE52572D4B71021C54EE62301"
"scenario","tools/regression_harness/scenarios/authority_source_registry_rejects_untrusted_or_unknown_entries.scn","499","4D2AC1348313DEBF35EB65BB23BE47C0EC8250BE09A5C55B99AB29C1CFC2FC93"
"scenario","tools/regression_harness/scenarios/authority_source_registry_selects_broader_vatglasses_list.scn","259","FEEDA32AD56F986CEBF8D55BABE5B3B4A041CEF86CC7F4B3AF4EE2B28A6914DD"
"scenario","tools/regression_harness/scenarios/authority_tracon_position_activates_terminal_polygon.scn","1008","2A353750F20861D665E0D3E139F4E575E91E64A56E735A7471AEEDB0C159F41B"
"scenario","tools/regression_harness/scenarios/block7_arrival_destination_tower_accepted_at_200nm.scn","938","8D4E6123ED993E1D97F60BD2476220BAF63F19A0B9BFA5EFE75F6D3C1B048C5A"
"scenario","tools/regression_harness/scenarios/block7_arrival_lax_s_dep_rejected_for_kont.scn","1168","47D5E783C9EE992AF6AD791DFBA7B300C059284130B282157EBC12A029B520FC"
"scenario","tools/regression_harness/scenarios/block7_arrival_unrelated_app_dep_rejected.scn","1136","524AC5F51F51E9B908530FCFE9B17B6D9B3483AC1CE747C6D9898F3BAA4E5786"
"scenario","tools/regression_harness/scenarios/block7_departure_tower_matches_departure_airport_only.scn","1164","81356FA694739035E2C857952F4857EF2CA1FF3ABD14845B852617C4E0DBC745"
"scenario","tools/regression_harness/scenarios/block7_departure_unrelated_tower_ignored.scn","813","0F15C26C57077E4C33B3D279227A2CD40E1DEB84B6534C4D63B5C7963DC41C44"
"scenario","tools/regression_harness/scenarios/block7_empty_radio_snapshot_produces_ctaf_departure.scn","528","DE91D43E9F85E3E02F4BEA239547423FEFC488BC2DBCA8877F5329D0669D5129"
"scenario","tools/regression_harness/scenarios/block7_enroute_reachable_center_current_and_next_accepted.scn","1260","F7F24A3662C6CC2E71534B71D44C86E55F8E28D9A0CA5914DE39C511C45E46FC"
"scenario","tools/regression_harness/scenarios/block7_enroute_reachable_center_off_route_rejected.scn","886","8F2918F1F3647527A7AC14E9BADAC935ED8BD93C88DA878D30767571220DAE72"
"scenario","tools/regression_harness/scenarios/block7_ordinary_route_movement_does_not_run_proof.scn","447","86682FF02EE102EF1C76BB8712FD48C1C2D64B57AAEB8AFA6BD5BF2B27F74B7B"
"scenario","tools/regression_harness/scenarios/block7_touchdown_keeps_last_proven_center_until_clear.scn","251","79FD654D3517409958F7150CAD094315EE7E4AC1BA2557166FC43FEAB7A98637"
"scenario","tools/regression_harness/scenarios/brain_airport_frequency_catalog_filters_ktpa_ksdf.scn","3224","243659C31B3D0EAB61DD1DBA8AA499538336AF53AA632F758D07D644913EADBF"
"scenario","tools/regression_harness/scenarios/brain_controller_relevance_accepts_ftw_when_kzfw_next.scn","1225","5AA61D604AFAF4026F71E8ED36414DB6AF9D7A321700A5A9D39B46F692A35613"
"scenario","tools/regression_harness/scenarios/brain_controller_relevance_arrival_frequency_proof_ksdf.scn","2731","B90A8092DC1770CAE8D9C69F8263B9042D40E8BA9DE8C34CDD080AA5DA201309"
"scenario","tools/regression_harness/scenarios/brain_controller_relevance_arrival_simaware_shared_tracon_accepts_kewr_dep.scn","1160","9C1AFC14B76F00364D5FF8FA23A863F1F495D9D29D7F8A50BB38B5B6A8936166"
"scenario","tools/regression_harness/scenarios/brain_controller_relevance_arrival_simaware_shared_tracon_accepts_kpvd_app.scn","1136","F47CBEC6F6176FEC1ADF11E9EFA6ECC7AC5A50B167FF3903BEB43E1DB012B26F"
"scenario","tools/regression_harness/scenarios/brain_controller_relevance_arrival_terminal_owner_filters_klas.scn","2902","C48E560C0B47478E068187BC27439A78673628B997F7AB3ED9F0BA3DCEE0E91C"
"scenario","tools/regression_harness/scenarios/brain_controller_relevance_arrival_terminal_owner_filters_klax.scn","3309","8D82761501772C6A911E5F5DF341E8E4E14B57B413411FE375AD6210D24554B9"
"scenario","tools/regression_harness/scenarios/brain_controller_relevance_arrival_terminal_owner_filters_kont.scn","3004","15A4EA9A130AAA384DE732B8011F8491F1E1FF6C4EA920EEF601702BF5B43746"
"scenario","tools/regression_harness/scenarios/brain_controller_relevance_arrival_terminal_owner_filters_ksan.scn","3123","20156940C1CD794B531261A2DEE09DD840A082358579BC1D1AF3F26DA2541612"
"scenario","tools/regression_harness/scenarios/brain_controller_relevance_arrival_terminal_owner_filters_panc.scn","2500","72836E22AC0DAAB058CB84A594C2721B89C9609AD7ACE90EE2B869AE8E79324D"
"scenario","tools/regression_harness/scenarios/brain_controller_relevance_blocks_reachable_centers_when_route_unavailable.scn","1621","EF19540D401876F87CBA88EA4B1EAE612458B0C7878475270714391B780A0837"
"scenario","tools/regression_harness/scenarios/brain_controller_relevance_departure_frequency_disambiguates_socal_kont.scn","2477","7517AB650C966EE3C8B6564BC6D23E4522121BEACE39615441F3A3AFFCF98E91"
"scenario","tools/regression_harness/scenarios/brain_controller_relevance_departure_terminal_majority_accepts_kmdw_chi_app.scn","1521","C36DCBAE96ACAE7DEEA1986868F06C9CFB7B14C1567CE377FDABECC252C674F5"
"scenario","tools/regression_harness/scenarios/brain_controller_relevance_departure_terminal_owner_filters_klas.scn","2872","C809D75D0A3D4ACAB412BFF28A8F190304FDA842C4597DB51AB980695EBCD9B5"
"scenario","tools/regression_harness/scenarios/brain_controller_relevance_departure_terminal_owner_filters_klax.scn","3279","0C541ACBEE93B7A8253BD911C5F515EBD5C335943BB8206BE21A78F7936FD0CB"
"scenario","tools/regression_harness/scenarios/brain_controller_relevance_departure_terminal_owner_filters_kont.scn","2978","AF20D34E7A4AC141139AF063E793113B0925613E5F0C1F0791DA1BBB9FE4417A"
"scenario","tools/regression_harness/scenarios/brain_controller_relevance_departure_terminal_owner_filters_ksan.scn","3093","88EC4A69ECEF3D39D9212612C7638C303DE807D99468111647C8384063653153"
"scenario","tools/regression_harness/scenarios/brain_controller_relevance_departure_terminal_owner_filters_panc.scn","2468","30234459D50B78C5C6F82C8FA9614ED9580D7C0153BC8F11DFF0B7607FC7DFF3"
"scenario","tools/regression_harness/scenarios/brain_controller_relevance_tuned_off_route_center_cannot_satisfy_route_match.scn","1236","F40FFBC2C306A787C5FB989275A5F75A8DBCBF60AF6993FC8A64451A402AFD56"
"scenario","tools/regression_harness/scenarios/brain_controller_relevance_tuned_old_center_not_current_after_polygon_transition.scn","2510","063BCF96899D8B2AAA40157E0DA69B787C0EECB45F68B4FBEA2A60B1EB616E9A"
"scenario","tools/regression_harness/scenarios/brain_departure_authority_snapshot_owns_order_and_last_proven.scn","839","7DBC8B9606ECC04EC929B5CBF52969A2726CD3EED3383CD9336299EB4168EC16"
"scenario","tools/regression_harness/scenarios/brain_display_intent_arrival_center_next_polygon_sorts_before_terminal.scn","2010","F38BA1F145B40A5ADAD498B7866D49D3CE3124B719F435EA73C183F0F945CB97"
"scenario","tools/regression_harness/scenarios/brain_display_intent_current_next_distance.scn","1785","EA7DBB70961B14ECE39C2E90A9D35AAB3BA821826270324AE78A7E4BE8DEEC0D"
"scenario","tools/regression_harness/scenarios/brain_display_intent_departure_app_current_active_standby_advances.scn","1177","32B020C7D0FA65D4DB75DA276A9CB48E29DCBF44D820D64E3BA611B15205C494"
"scenario","tools/regression_harness/scenarios/brain_display_intent_departure_next_center_over_ctaf.scn","613","FC8B7AB305CDCEE2F2DABED26593540263AD489CC8D7E1E47A7BFE399E2306F4"
"scenario","tools/regression_harness/scenarios/brain_display_intent_distance_refresh.scn","542","2EC665F7B4A16D4F5601255547DCB585D6597675A20871BAA551CD589CFB1E53"
"scenario","tools/regression_harness/scenarios/brain_display_intent_duplicate_suppression_has_decision.scn","1710","BC73DBAC6147A5497B14C52356FE4DF0DC269087748AB5AC7949F1249FA38FCD"
"scenario","tools/regression_harness/scenarios/brain_display_intent_fallback_hidden_center_has_decision.scn","1513","5AFD0EAEA8B7DF9BBB49DA47136FA52389F80AB74CCDCCB7CBF2517B65167C19"
"scenario","tools/regression_harness/scenarios/brain_display_intent_filtered_unknown_relation_rows_have_decisions.scn","3113","583FEB3E4F58FBD0FAF3E10A088A3DA125D6519ABF720719697E2616FA79D9FD"
"scenario","tools/regression_harness/scenarios/brain_display_intent_honors_center_relation_fact.scn","1602","3834CA2CE6D43A565BB8B8639DDCF6063F4DF417E611B7F4DC7B59789826B80C"
"scenario","tools/regression_harness/scenarios/brain_display_intent_non_displayable_rows_have_decisions.scn","2030","284A99A0387EA02ABBB225A97B079B0B917A857729380F928696227DB9E8F2FC"
"scenario","tools/regression_harness/scenarios/brain_display_intent_route_pending_hides_centers.scn","411","E94DB396FB1686DFE0F287F124F2885322F14143AAF03201F062DDE288407938"
"scenario","tools/regression_harness/scenarios/brain_display_intent_stage_deferred_rows_have_decisions.scn","2399","32568D41E086A85CA0DA442E04E9246D4D3D6D9A2AE4E5DA7F2506C17ED48C72"
"scenario","tools/regression_harness/scenarios/brain_display_live_consumption_completion_identity_parity.scn","1837","F12285A700668B851CA362E389FB125343F204BBF61E777B3246A29FC50B5A34"
"scenario","tools/regression_harness/scenarios/brain_display_live_consumption_duplicate_fallback_polygon.scn","2146","DDEA6CB1D133CDB4FAEBD6BC16C52C0500AEFDF3AB7D7DE66CAF07B52DA09E77"
"scenario","tools/regression_harness/scenarios/brain_display_live_consumption_gate_off_default.scn","2129","825BAFCC83F6C00591B72344A0AB17999D1A8499AFEF75BB1C1F2E430762EBF1"
"scenario","tools/regression_harness/scenarios/brain_display_live_consumption_gate_on_clean.scn","2379","4E78D914E4D3A78B599E517BC13D1564BA3A331144E2B9FE3DC9FC0D615D990C"
"scenario","tools/regression_harness/scenarios/brain_display_live_consumption_missing_plan_blocked.scn","2279","6D8680FB90B89E4ED1FEB9B6C3E70D3D929F2443755C1E3B4A6484D2F76FC7A4"
"scenario","tools/regression_harness/scenarios/brain_display_live_consumption_overlay_cap_multiple_hidden.scn","6026","4C7FA14835F6C6FDA8E34FC963E26B60B67661750A27431900991807E86B377B"
"scenario","tools/regression_harness/scenarios/brain_display_live_consumption_overlay_cap_one_hidden.scn","5868","911F78A8E25B418DCC9CD675EE3E0AA2E84603C072FC58AE65F2F0908CC7A304"
"scenario","tools/regression_harness/scenarios/brain_display_live_consumption_readiness_gate_off_default.scn","1517","C86DF21BDA1DAEDA0D2214BD57D21A855809373ACD3225FDB39B7BA53C5246D3"
"scenario","tools/regression_harness/scenarios/brain_display_live_consumption_readiness_gate_on_clean.scn","1602","F0D827031BEBDFB067FB72635940EF08607CF1D64F852C924DD55963214EC9DA"
"scenario","tools/regression_harness/scenarios/brain_display_live_consumption_readiness_missing_plan_blocked.scn","1630","44B3148015FF3F6CE93427D132878E0436190A5D7039C074D0DF0B755340047A"
"scenario","tools/regression_harness/scenarios/brain_display_live_consumption_shadow_gate_off_blocked.scn","1808","2DE9BA6DA904D1D9EE222FC7C218A5DA24926FBB4B6CB4F15B4582F89EA6C590"
"scenario","tools/regression_harness/scenarios/brain_display_overlay_cap_ctaf_row_ledgered.scn","7554","118BF7A4D157546537FD91423924C8ABD79EC24DFEF6CA6829DD40496D0D0DA2"
"scenario","tools/regression_harness/scenarios/brain_display_overlay_cap_duplicate_separate.scn","7430","09BB0325D46F43F33F35E50EE536BFE6CE18BF8984BDE33C38DD86238200F144"
"scenario","tools/regression_harness/scenarios/brain_display_overlay_cap_multiple_hidden_rows.scn","8828","4E0A2B17C6B6871D0B5B962AF5810E0D8388EDCF511196FED9E332718B63BBEC"
"scenario","tools/regression_harness/scenarios/brain_display_overlay_cap_no_cap_reached.scn","4397","9F167E151AD54DA9248C8F3F0836F267A0FBF3C5A9A62ADF5231C1E3C705216F"
"scenario","tools/regression_harness/scenarios/brain_display_overlay_cap_non_displayable_separate.scn","7244","D2A6A3C7A77FDC753B654DC18659B6FCAED922CCC911D2897C8209BB580B60C1"
"scenario","tools/regression_harness/scenarios/brain_display_overlay_cap_one_hidden_row.scn","8647","16B05AEE4293E358A9E872D368DA90F6D1F52543E3668A7BB2B8368C24A03E9D"
"scenario","tools/regression_harness/scenarios/brain_display_overlay_cap_stage_deferred_separate.scn","7117","33C3ABF1FC2CC3594E78C89483F1058600C2513F93A1FED1F7F4BA49426E0008"
"scenario","tools/regression_harness/scenarios/brain_display_phase_reuse_frequency_mismatch_blocked.scn","1072","76B64719B28D30901EE6E8CFD374F34DD3753EF468040D6EFD1C588E4ACD6F84"
"scenario","tools/regression_harness/scenarios/brain_display_phase_reuse_fresh_current_row.scn","570","EC0B00D019F974B02911AC78C993B602C26E0F905FB2E57BD0E33AC438C2E404"
"scenario","tools/regression_harness/scenarios/brain_display_phase_reuse_fresh_displaces_previous.scn","1078","4D0FD9C267D328684E3DE20B01034B4BCCA0ABB4733EE9171640673DA591054E"
"scenario","tools/regression_harness/scenarios/brain_display_phase_reuse_last_proven_current_incomplete.scn","1051","DA8E62219DBD67DC371FB1ACC352A63A982A4FA6BE42DB7141498F37B5E5F5CF"
"scenario","tools/regression_harness/scenarios/brain_display_phase_reuse_near_cap_linked.scn","913","B22CCC0D6D48FE170B77D4329803867BC9E6E9ED47CF8D25CDF1EFBB8345E4CB"
"scenario","tools/regression_harness/scenarios/brain_display_phase_reuse_no_candidate.scn","489","C41FDE6AD804780DA3AFB974AF7056730DF8036484032D8D647534B0790AAD7F"
"scenario","tools/regression_harness/scenarios/brain_display_phase_reuse_plan_mismatch_blocked.scn","545","93C7E051A5DC4080A19AE80A81443EB640DD79AA064F400D37E54191C9947243"
"scenario","tools/regression_harness/scenarios/brain_display_phase_reuse_role_mismatch_blocked.scn","1089","253A1C9E5589838CCF0ADDA1183E23E81E4CB06410A78AF135870912AF7EBD51"
"scenario","tools/regression_harness/scenarios/brain_display_phase_reuse_stage_mismatch_blocked.scn","510","57A0D03DFBEDBD2FA2C72CA688A1AB1695FAA27C67234122E1439F1B2C65C4BB"
"scenario","tools/regression_harness/scenarios/brain_display_phase_reuse_stale_blocked.scn","522","7F8B75C4327298EE57B57CEDA69BDA3A540AAF3AC8ADDFBDC33CC3D0421DB0E5"
"scenario","tools/regression_harness/scenarios/brain_display_source_link_synthetic_legacy_missing.scn","4960","B73B5ED1A654E6D2F8660D180DF1C28B8817BA42AC19E3238F95BB4A76588C9D"
"scenario","tools/regression_harness/scenarios/brain_display_source_owned_stable_key_fallback_polygon_context.scn","2158","6B0186A3BAB316610CDFFB4504F07F3242DE9D46BD057D16C67F52B1B95E3D25"
"scenario","tools/regression_harness/scenarios/brain_display_source_owned_stable_key_missing_plan_context.scn","2069","7C5F16C9BE7BB0A306C113BA7F29E119A4431A49D233A83E4F54C0C2C00412DC"
"scenario","tools/regression_harness/scenarios/brain_display_stable_key_consumer_dry_run_duplicate_fallback_polygon.scn","2323","AED7E3EBF81ADDF8B48FB5F6B84FCA3A9C704B19E9501901889A0216C9894784"
"scenario","tools/regression_harness/scenarios/brain_display_stable_key_shadow_gate_off_default.scn","1555","D8FE5AD9C928795AF290DA81E4336DA3BAD759AC986A364FDB008364739E7C76"
"scenario","tools/regression_harness/scenarios/brain_display_stable_key_shadow_gate_on_context.scn","1592","184E4E85BAE607E58F2C7DDF24C59E46FE4C225B4A62FE65CCB8098C486C9DF3"
"scenario","tools/regression_harness/scenarios/brain_display_stable_key_shadow_missing_plan_context.scn","1827","41C2912457173E40B1B8067307108017D9D59A50E806D77F89C9D0E769CCEBE4"
"scenario","tools/regression_harness/scenarios/brain_display_upstream_stable_key_source_audit_inventory.scn","1993","7B190D959970A6208F77BBE1FD033845AD1F76796B79B50B15A407BEB100EAB1"
"scenario","tools/regression_harness/scenarios/brain_frequency_intent_arrival_center_active_standby_tracon.scn","1561","95BE50A021D5324271E1F8EDC868826500C4D3B924F073AFCCAA9663A527E874"
"scenario","tools/regression_harness/scenarios/brain_frequency_intent_departure_tower_active_standby_tracon.scn","1662","CE584541267339F9F32FE1771B3AF64CE6B4805D46D11DAACC7887EC6FE5CF53"
"scenario","tools/regression_harness/scenarios/brain_frequency_intent_departure_tracon_active_prefers_current_center_assist.scn","1350","0140B0438380FE49EB10F425989F68FF9284B2CE1FF751CD87BC44683DC8113A"
"scenario","tools/regression_harness/scenarios/brain_route_authority_plan_builds_ordered_active_map.scn","1755","F718A1264D615B3C036403C56826B57B648AA235580F426CFE5A4444750C8818"
"scenario","tools/regression_harness/scenarios/brain_route_authority_plan_rebuilds_and_preserves_last_proven.scn","547","7D04A8D17B7C3A26CCAA636B75E6E87D5E42D2A959ABB71E0B90693756F5086D"
"scenario","tools/regression_harness/scenarios/brain_scheduler_shadow_defers_extra_heavy_work.scn","1064","48AF2AAC19CD9BE52B913F2DCECECC607DEC443E1B79C6CFE96F82333968FE18"
"scenario","tools/regression_harness/scenarios/brain_work_model_orders_priority_and_metadata.scn","1171","673FDB2DF821258A8C6430651FA8C2346BAB34A13FEC88DB703EEC949E572852"
"scenario","tools/regression_harness/scenarios/controller_feed_stale_does_not_populate_live_boards.scn","1408","0A3366C6A00904AF9442C28154C3C4C6D4D83E7FF9E360DB1019D208C3A78DDE"
"scenario","tools/regression_harness/scenarios/controller_feed_unavailable_does_not_populate_live_boards.scn","1416","BE7FB45168F1A697DDDFAECDC3B4A6FD451FE8FE7759318C469513065A19CF1C"
"scenario","tools/regression_harness/scenarios/ctaf_unicom_bypass_retirement_authority_guardrail.scn","1969","47A86F9F8ADAD882B9862CA0F6728134659CC6A6F55DE3189630FE11A19AF530"
"scenario","tools/regression_harness/scenarios/ctaf_unicom_bypass_retirement_controller_behavior_unchanged.scn","2519","4E6ECBD6C1248B839C755BAFDE84C6E679CB49B31B3BA293ACBB8761DCC56CE0"
"scenario","tools/regression_harness/scenarios/ctaf_unicom_bypass_retirement_direct_ctaf_match.scn","2016","BCFE9485F5C23EB427F4FAEB2E04F446C7A33FFAB913F5FF1105BBAFC9214F40"
"scenario","tools/regression_harness/scenarios/ctaf_unicom_bypass_retirement_duplicate_projection_mismatch.scn","2117","60375523E8DCC574CA5811CC5E5ABC583241AAF7F2B2E9A603697DFB251D3FDB"
"scenario","tools/regression_harness/scenarios/ctaf_unicom_bypass_retirement_empty_frequency_blocked.scn","1989","639D66D27E9CA0949523F276E9B73A278095A3ABDB3E96176EB0B57C87017EB2"
"scenario","tools/regression_harness/scenarios/ctaf_unicom_bypass_retirement_failed_lookup_blocked.scn","1977","EB321E7BCD0ACE45DFC1E3985703307AC854B70F10443761D408E5D42C463951"
"scenario","tools/regression_harness/scenarios/ctaf_unicom_bypass_retirement_missing_source_evidence_fail_soft.scn","2191","AA169FD4FCF059538558FDD3295D34B0BD5103C57F49F28672614CE18985A041"
"scenario","tools/regression_harness/scenarios/ctaf_unicom_bypass_retirement_pending_lookup_blocked.scn","1875","E6531B96241A77AD26211DF4EACEFFD6DF4540082C4C4035AFCA3207194FD7A7"
"scenario","tools/regression_harness/scenarios/ctaf_unicom_bypass_retirement_standby_gate_off_advisory_not_bypass.scn","2224","FBAF8DAFBE0DD98F7C6232934EF5251A75C78C4D4216463BF6D2FFADE73CE578"
"scenario","tools/regression_harness/scenarios/ctaf_unicom_bypass_retirement_standby_gate_on_direct_ctaf_source.scn","2453","80F6CA3B13314DC7978732A0D020EA155D21C1AEDFDDC751F14C6C192904E418"
"scenario","tools/regression_harness/scenarios/ctaf_unicom_bypass_retirement_unicom_fallback_product_gated.scn","1887","EBF3DD25DB95FCDF7F2A59E496F71FDA7D2B55737ACBBC6874CAFBF25DD6E7E2"
"scenario","tools/regression_harness/scenarios/ctaf_unicom_external_alias_deprecation_inventory.scn","3053","7D4EBFBE29CD114373A1795B9848125210CA58560CAAED360CA9CD70A8572DD8"
"scenario","tools/regression_harness/scenarios/ctaf_unicom_legacy_alias_replacement_migration_inventory.scn","7034","33CDD5BAD1012AB56FCBA4E484A058135BAEAED90156C8F39C27E6D364471283"
"scenario","tools/regression_harness/scenarios/ctaf_unicom_legacy_bypass_alias_audit_inventory.scn","3726","A3B7CB566D922FDE2A43A37027E0737ABD2E1FF788194FBEDF765B01DBABE374"
"scenario","tools/regression_harness/scenarios/ctaf_unicom_missing_evidence_audit_authority_guardrail.scn","2181","87758FC4650E688D6EBA431B0EAF96C28AAFB849A1E5CBD1B7E8E500F3153A43"
"scenario","tools/regression_harness/scenarios/ctaf_unicom_missing_evidence_audit_controller_behavior_unchanged.scn","1935","99E4D25453174E47081879F255088F5DA933A6EE0CB8C5D1D4098E8FA150C1C5"
"scenario","tools/regression_harness/scenarios/ctaf_unicom_missing_evidence_audit_duplicate_diagnostic_only.scn","1037","DC4F2AB3DBD57253E16579AD75D93F703B60719A23B48812561261EA4D1A8F1D"
"scenario","tools/regression_harness/scenarios/ctaf_unicom_missing_evidence_audit_empty_frequency_policy.scn","908","4C699B9C9A6583E3668E2CAF47DC13C222EDB94BA23336C75F7EB6D97168C3BE"
"scenario","tools/regression_harness/scenarios/ctaf_unicom_missing_evidence_audit_failed_lookup_policy.scn","910","20A6A07E6D5582E2EF926F6E4E01C3DDFDE4556894E1D734FD4389D9F449CA87"
"scenario","tools/regression_harness/scenarios/ctaf_unicom_missing_evidence_audit_incomplete_advisory_decision.scn","1336","636E37B0F4976054DFAE6A62BD9C54AD105552392A4FDDE18295D31124570DAC"
"scenario","tools/regression_harness/scenarios/ctaf_unicom_missing_evidence_audit_missing_advisory_decision.scn","1323","CBF42127ADCA0EAD977AA0945957424B74A324A124DE7FA319D41EB85450100F"
"scenario","tools/regression_harness/scenarios/ctaf_unicom_missing_evidence_audit_missing_arrival_source.scn","1249","FDF06CF162FEB2C116B22E0773F6046BBE767BA62CC95BBF0E2CF53EDE22B51B"
"scenario","tools/regression_harness/scenarios/ctaf_unicom_missing_evidence_audit_missing_departure_source.scn","1500","59737CD81BB1F9440E66EDDB9BC5D78BB7027215B0B605389945F8A3F0CC7DF7"
"scenario","tools/regression_harness/scenarios/ctaf_unicom_missing_evidence_audit_pending_lookup_policy.scn","823","782C53CE4004F7DEB6DF56B5F25DD83FB7CA871249D657ED9580221CC511CD77"
"scenario","tools/regression_harness/scenarios/ctaf_unicom_missing_evidence_audit_standby_gate_off_ignores_warning.scn","1443","E2015555CEC755FB8515045574DC9495CC8CEFA8EACD6C6C94F90896CE0E2BA1"
"scenario","tools/regression_harness/scenarios/ctaf_unicom_missing_evidence_audit_standby_gate_on_requires_advisory.scn","1518","2A936174D3F78BBE773615BA7700518D1387299D96DAA47399F33E3AAA2B9DBB"
"scenario","tools/regression_harness/scenarios/ctaf_unicom_missing_evidence_audit_unicom_no_warning.scn","1228","E74F1625A78A158A74150E188D42FD513C03EE1A2F4B7F7D1E210FFC0426EB9C"
"scenario","tools/regression_harness/scenarios/ctaf_unicom_missing_evidence_audit_valid_direct_ctaf_no_warning.scn","1247","6C6513A0FC650AD586E3269218365AE72DB72104F392F4935A196D0F5820B235"
"scenario","tools/regression_harness/scenarios/ctaf_unicom_public_header_alias_deprecation_inventory.scn","2702","27EE5895AC80EEE9363DE578179813D17546660985874DB852BC656B907CCF9C"
"scenario","tools/regression_harness/scenarios/ctaf_unicom_public_header_alias_risk_closure_inventory.scn","2788","B1EA9EC938715ED6FD87C37A87D46D113294AFF4C480694A877128BF39BADE7B"
"scenario","tools/regression_harness/scenarios/ctaf_unicom_public_unknown_alias_migration_proof_inventory.scn","5457","74F329DDF9234513475B72497BF92D216012C2FCD07A6A835E55173E9F5FEBBA"
"scenario","tools/regression_harness/scenarios/ctaf_unicom_report_only_alias_removal_inventory.scn","3624","F549C9C1B3C4CF382FFC4EE813BD631208675849701D92E0D09CF2734CEBB751"
"scenario","tools/regression_harness/scenarios/ctaf_unicom_source_evidence_available_ctaf.scn","3181","E784F3949351218FEC1B64D9098D88DAADA5D3CA0BAE751285301BA4135657A2"
"scenario","tools/regression_harness/scenarios/ctaf_unicom_source_evidence_pending_failure.scn","3097","3D4C323A7209676E716A6CD2A764DD4A59E8183A49C8AC37DDC317F03A206EC7"
"scenario","tools/regression_harness/scenarios/ctaf_unicom_source_evidence_unicom_fallback.scn","3191","0FB8A151708B8F32273753248CDA416A2E3652437BE76B47FD6DFBA0A860FF67"
"scenario","tools/regression_harness/scenarios/dense_europe_authority_collapse.scn","1065","72C934A7386E6042477D0515438A84AF9D08203076515607F8B399F5B400FEF1"
"scenario","tools/regression_harness/scenarios/departure_known_terminal_geometry_holds_inside_airspace.scn","1202","59AD6A6D19438D900483714E27CCB0D342606B623580F1B7BCDB17A9C8F69D05"
"scenario","tools/regression_harness/scenarios/departure_location_confirms_current_airport_with_valid_aircraft.scn","532","B89B59DC10E51655845B6EBA7296D8C4C367A6EE9FB1ED2ED8FBFF5842F8E0FE"
"scenario","tools/regression_harness/scenarios/departure_location_rejects_current_airport_when_aircraft_invalid.scn","546","D0A3DCF9BC28DE57C7FF909BC525563ADDE597E1FC4B7D688B3F98A475C96417"
"scenario","tools/regression_harness/scenarios/departure_offline_terminal_tuned_does_not_hold.scn","1092","D782CF12FAB38F1956B4AE1C88717477E570A04CD78A3DCCDA100E4580254667"
"scenario","tools/regression_harness/scenarios/departure_terminal_accepts_source_owned_tracon_pattern.scn","1016","6D0603AE9FBC517B5A120831D89DD173E6CA22471C66D92E70B89BE3566B84FE"
"scenario","tools/regression_harness/scenarios/departure_terminal_consumes_authority_snapshot.scn","966","4EFC5FFFF855517374B8DAAF0346C3A0C43F34B0DC07B3985A272D126C7E73BD"
"scenario","tools/regression_harness/scenarios/departure_terminal_geometry_releases_before_timer.scn","1256","FBAB7C7192717D2F8FDC6209A0D7D4BC511EE5B74D89015DBAD39D42A8A96031"
"scenario","tools/regression_harness/scenarios/departure_terminal_rejects_match_token_without_source_pattern.scn","830","C7459AFF7E2AE253C67A5E10AEE73B34487974EE0E8951E79EAD38A4CB6919D7"
"scenario","tools/regression_harness/scenarios/departure_terminal_rejects_prefix_without_sector_data.scn","428","21C54A9D91C6A473A961A88B0DC6960A17C06736E52FBD0FF9CCD1A1983097AF"
"scenario","tools/regression_harness/scenarios/departure_terminal_rejects_unmatched_authority_snapshot.scn","975","FEA46085A1D560D1E61FFBCFA9317D3A850E0DDD257F42CD5D5FA78CBE1C6B0D"
"scenario","tools/regression_harness/scenarios/departure_terminal_requires_sector_authority.scn","1063","2D1F52D0E8B801467FE11761240F88E8DEE327DE945E4954AB00D3983FCBD1F5"
"scenario","tools/regression_harness/scenarios/departure_unknown_terminal_geometry_keeps_timer_guard.scn","1277","1499057BFB406946FCB64AF22741CEF56B050E83850E11C64C055DC218E5513C"
"scenario","tools/regression_harness/scenarios/departure_unknown_terminal_inside_flag_ignored_after_timer.scn","1189","96F05E0D840655E6CACF9AC7B9AC7E0A84CD594CC2C5B7A739B42DCCF7BCCD13"
"scenario","tools/regression_harness/scenarios/duplicate_ident_airway_endpoint_resolution.scn","1371","14D23B96A878908AF6CA47E9B40157AF92D14257FF5CD8D32DEA19B260EC80FC"
"scenario","tools/regression_harness/scenarios/duplicate_ident_airway_entry_context_resolution.scn","1124","B7A6B8B744152FC21D29F4BA9027B236938B7DA4123F9332EE8B748196546517"
"scenario","tools/regression_harness/scenarios/duplicate_ident_destination_context_resolution.scn","885","B67DDC55E0685E1A28C53D77551B0DF0CBFB549985A8767568E55F40E5AD0D8C"
"scenario","tools/regression_harness/scenarios/duplicate_ident_point_lookahead_resolution.scn","1005","7BB62DA998FB5750AB79F19D1CB6CE009AC03A9CCD9CC8568E1BD71970F10101"
"scenario","tools/regression_harness/scenarios/duplicate_ident_resolution.scn","1064","810FF9D700EFC22C23B8E5D906AE0DA362F5144FCDEA4A5B3D9B8982B747DCA4"
"scenario","tools/regression_harness/scenarios/duplicate_ident_sid_airway_entry_context_resolution.scn","2162","5953E1A65FD08FEE5ACFC5065FEFF04AE4022C7C8017F0FF55A3D6319EC04AE9"
"scenario","tools/regression_harness/scenarios/duplicate_ident_star_boundary_airway_entry_context_resolution.scn","2319","43652CAFD02F409D1FADB58F8C54D671251FFFBBE3B495F8ADA61A34E5A90573"
"scenario","tools/regression_harness/scenarios/duplicate_ident_star_sequence_airway_entry.scn","2425","0DFAEA7CD9A03593661A137EF34A50C3966EB1FD024CCE4A5495539BE58D224D"
"scenario","tools/regression_harness/scenarios/duplicate_ident_star_sequence_rebuild_context_resolution.scn","2640","7E6438526C9F83C5B17B6A2FA348CC3E8D7E131A7366F9E8FBA6FE4C148A3A76"
"scenario","tools/regression_harness/scenarios/enroute_accepts_bare_center_callsign.scn","425","526F4B9599BDD7B08F2E90002E6A6524E99796D18E369F35EA8A0120BCF6FAE5"
"scenario","tools/regression_harness/scenarios/enroute_accepts_data_driven_fss_facility.scn","369","5C3C6799A8950211ED37C459AA77FF0C2C746C08CBC36EFF5E48C3A319EC3E92"
"scenario","tools/regression_harness/scenarios/enroute_authority_gap_does_not_display_offline_row.scn","329","CE7A581AD28808D27581555165DD1D4FFF0FE29C921CFDC1834F26919B6459BC"
"scenario","tools/regression_harness/scenarios/enroute_authority_handoff_displays_relevant_polygon.scn","766","F8F2A521EBD73F5B5241DF27625DC6D4EE88B0F9329CBAA0BB6B182DFA541721"
"scenario","tools/regression_harness/scenarios/enroute_authority_handoff_ignores_irrelevant_polygon.scn","782","D3B1084F909543FD108138AEC33E85480CB40563D0CE7461F21D635F0F34BF92"
"scenario","tools/regression_harness/scenarios/enroute_authority_snapshot_stale_blocks_legacy_route_sector.scn","491","9249B9CE4348D15856E76DA72A8A6A448578EFF10E78BB93A58FCE59CD4F069E"
"scenario","tools/regression_harness/scenarios/enroute_diagnostic_offline_row_not_displayed.scn","905","442C1E62C2EA1732E140C49902BE7A1B9B3871D9FF1AACBB95B2E090A800D6DA"
"scenario","tools/regression_harness/scenarios/enroute_offline_row_uses_sector_identifier.scn","331","E49625B6600D32C1ECCFC42B902219C521A41279511702258B71F149C3E8DD2C"
"scenario","tools/regression_harness/scenarios/enroute_rejects_ctr_suffix_without_enroute_facility.scn","355","F26E1232E6F75DAA58F4493E234A2B9ECD464284207D887FD0B521A277FB5948"
"scenario","tools/regression_harness/scenarios/enroute_requires_authoritative_route.scn","211","E60279787D84200773BE5F1005407391A3DBEFE80E026EE4117685DAD9C9F91D"
"scenario","tools/regression_harness/scenarios/enroute_requires_explicit_controller_prefixes.scn","327","28CBF45D02AA69C2D555EE2B32572CB8DA5EAC90934E0DDE52BDCF87CD41682D"
"scenario","tools/regression_harness/scenarios/hkg_segmented_center_prefix.scn","426","4FFB636A62494056746DA77B66C706A7E9060CBA24EEDE7AE492B9D62D5AF6C0"
"scenario","tools/regression_harness/scenarios/hkg_segmented_center_requires_catalog_pattern.scn","375","491F4E865EF9390F329CC496F102D1E0772C97423E3E167203B5B0D50AB3A49A"
"scenario","tools/regression_harness/scenarios/kont_departure_release.scn","1432","760233F220F45FF8F7A0E3B92B527BE73826B9189946646070BCB63DFD783BE0"
"scenario","tools/regression_harness/scenarios/kpwm_kdca_q75_resolution.scn","3291","1153C4ADD531E6840D29C30A53E3BD4B85F668D558185AEBD8C2272EC96AB11F"
"scenario","tools/regression_harness/scenarios/ksfo_kmci_q126_slc_center_expanded_route.scn","3156","1EEDC1F93D3BAAE2035274A24C0CF1AA5F521CC3B99DF9972DBF038731AE322E"
"scenario","tools/regression_harness/scenarios/live_eddb_lbsf_dal100_battle_test.scn","487796","3B0EE091C3A634D85E6F3F6702B43B1F04BB89422871FF4B2486AA3479D848C0"
"scenario","tools/regression_harness/scenarios/live_egul_lkpr_dal100_battle_test.scn","471454","F17938068623C6719209068BB34FB27FE093C7B76039555D47E2BCCAD5E68E13"
"scenario","tools/regression_harness/scenarios/live_essa_eddm_dal100_battle_test.scn","486708","18CC4F03A5FCE9EF6F9230A78AA497A4EC441F8C9B98BA74DB4BC68BB93F58F0"
"scenario","tools/regression_harness/scenarios/live_lepa_eddb_dal100_battle_test.scn","1589454","72CE1E7E6729DF789F01CDF0703746F3037DCFA95B73E734DA24BF0186CCD66A"
"scenario","tools/regression_harness/scenarios/live_lppt_daag_dal100_battle_test.scn","1747154","E82B58DACC01D1571BE1B26C26458F877DA90959C1F0E07E9C705DCC26AA6420"
"scenario","tools/regression_harness/scenarios/live_panc_lkpr_dal100_battle_test.scn","204949","4FF03D0AB6880B83BF0DAAF0305D9ED8B0178385642911A5376A116709437CCA"
"scenario","tools/regression_harness/scenarios/live_wsss_vhhh_dal100_battle_test.scn","309161","08C093B3493133BDFE35106BF718259478A0215A37CF6EEC76F8AC733DDE8B79"
"scenario","tools/regression_harness/scenarios/narrow_crossing_exact_hit.scn","418","1F7A6C240A427C1B6BE208F1229788AF21A6BF8049281627D3A025271AB8A4A0"
"scenario","tools/regression_harness/scenarios/narrow_crossing_sampled_miss.scn","417","ABC4499E0AE2BE6EF267EF13213D1397CE904C080B2F2BA52FE10AD6D0165FD5"
"scenario","tools/regression_harness/scenarios/oceanic_coordinate_resolution.scn","872","E82F97B02403EAAE76CE87E064F84BF63AFADA974324CDFD00645A0FD1F4754F"
"scenario","tools/regression_harness/scenarios/phase_publisher_keeps_phases_isolated.scn","285","B3BB06A4D420E181AEEA788972D01D0D192C9A86A6E62B86C0B26D5D2823EA99"
"scenario","tools/regression_harness/scenarios/phase_publisher_live_consumption_drift_blocked.scn","2407","F7B2AEA77E85B7DE5F1439C0FE511D1DE6A29535726D93E8A302D7BD0B99D83B"
"scenario","tools/regression_harness/scenarios/phase_publisher_live_consumption_fresh_displaces_previous.scn","2113","C7CECA946DFEDC3CE1B658D9969F3BF4CA4E8D32EA6386629093DA8F3E6F0677"
"scenario","tools/regression_harness/scenarios/phase_publisher_live_consumption_readiness_drift_blocked.scn","2064","2F65264624251C4BE7D66EFF17B119D5C434B405FC8231547947D438C2BAF39B"
"scenario","tools/regression_harness/scenarios/phase_publisher_live_consumption_readiness_gate_on_clean.scn","1472","A39F856E80432FCA361470DE558631E24BA3370C8C2EE3B3C484D5BDCEF44FFA"
"scenario","tools/regression_harness/scenarios/phase_publisher_live_consumption_reuse_current_incomplete.scn","2179","DC5BB2B304632977D18B2240DFC91373B1EC6D89672545A436BD20E3D7E9C009"
"scenario","tools/regression_harness/scenarios/phase_publisher_plan_key_changed_plan.scn","590","02F3C03CCDE0F4C5E044A4A91B812FC447EEAB99FFBF05AF05CF03FDCD44FC5B"
"scenario","tools/regression_harness/scenarios/phase_publisher_plan_key_harness_mismatch.scn","631","ECA4AE8CA0EBFCD055EBFD9D242F40DF16CA95525D701E0E237C1CAF50177819"
"scenario","tools/regression_harness/scenarios/phase_publisher_plan_key_live_product_present.scn","558","4D4845F841033E9727EC7550F789BF998C551F232CCE76B77C543F173B180395"
"scenario","tools/regression_harness/scenarios/phase_publisher_plan_key_missing_current_context.scn","663","76E6546573363CCEEF8FB42B42DE28395FCB9131EE4D791C4E74F595D2614980"
"scenario","tools/regression_harness/scenarios/phase_publisher_plan_key_missing_current.scn","612","ABC8576AC4012D2091E452E1E597615CBA4B0187D750DFB4A122007D624BDC35"
"scenario","tools/regression_harness/scenarios/phase_publisher_plan_key_missing_previous.scn","630","80F4D5C0D47313C1E16B848BCCCFB5EBDED2DD5EB18693299D47D213846F42D4"
"scenario","tools/regression_harness/scenarios/phase_publisher_plan_key_same_plan.scn","563","B0CDFAF82782E6A7A1CB06607C9A0349C0AD1021D373314D8103CECCDFDA1744"
"scenario","tools/regression_harness/scenarios/phase_publisher_reuses_last_proven_during_pending.scn","198","701F00B42E543E1655B8790FCF2623F27435188D792BE1B9DC6015465129831F"
"scenario","tools/regression_harness/scenarios/phase_publisher_source_owned_stable_key_frequency_mismatch.scn","1647","6183DB2746CC02671791D09FCC66BBE9374553E39240352A0E834D07AA91E229"
"scenario","tools/regression_harness/scenarios/phase_publisher_source_owned_stable_key_fresh_displaces_previous.scn","1603","57A4490908B7BD65F6551A7E020BDB65B083A22F3199DB48F019BD97A88EC3E6"
"scenario","tools/regression_harness/scenarios/phase_publisher_source_owned_stable_key_reuse_current_incomplete.scn","1479","0A477311FD0718AB180AE24A0FD9CBD2660D7DBC7E901B52E1DB7A5B2BBAD0E6"
"scenario","tools/regression_harness/scenarios/phase_publisher_source_owned_stable_key_role_mismatch.scn","1632","6D4190446AB3A45052EA88DB1BF05F64F805C44ACAC975EBD7577A4F0CFD10BE"
"scenario","tools/regression_harness/scenarios/phzh_controller_match.scn","1133","A4BFEBA651C56B00106A0C566350B09BECEE3D6B75C2B2F7BBE68BE103924E94"
"scenario","tools/regression_harness/scenarios/preflight_cache_accepts_matching_live_plan.scn","743","8F686649CDDD5F97D3350C936B55D182B5E2F01CBF5F1C6E382A2BE3167DE784"
"scenario","tools/regression_harness/scenarios/preflight_cache_accepts_rewritten_same_route_fms.scn","1999","DF70B809ADF195ADFA40283F23D07CC581720A87BD8A0FFDC41C0DDD41C1D28F"
"scenario","tools/regression_harness/scenarios/preflight_cache_rejects_mismatched_live_plan.scn","736","CEE12550421766314F6C80683B7DAE72AA459D6F992024D41140CFA5C5C68D9D"
"scenario","tools/regression_harness/scenarios/preflight_cache_rejects_rewritten_different_route_fms.scn","1241","1B3B78B96A5A271332DECF0F24D514B429F7982C943D4E9A0166EFA23EA96269"
"scenario","tools/regression_harness/scenarios/preflight_invalid_fms_rejects_missing_geometry.scn","300","9D34A52E801B0D9787AA4444994D442D2EB4DC59FE760C76472CA348E491BAB5"
"scenario","tools/regression_harness/scenarios/preflight_valid_fms_parse.scn","762","7378104C92F327B151DFC97D1089C15C695EF7490B0E2829E07934DD24B05DEF"
"scenario","tools/regression_harness/scenarios/procedure_anchor_without_transition.scn","1450","4FF853D9C5BEA819640FE2E0A83450768855580F808E3788E63D21AB0A091E9C"
"scenario","tools/regression_harness/scenarios/procedure_context_only.scn","1290","A2E927ED619FCC2FB6BE6390557C5CDD8AB8F19383A854737094744169BE6B6F"
"scenario","tools/regression_harness/scenarios/procedure_dual_role_blocked.scn","1718","1A0BF34FD2DBF40EB66A7ABC25DEFC3BFDFD9E693AADE791037B979DEA129F8B"
"scenario","tools/regression_harness/scenarios/procedure_false_anchor_rejected.scn","1520","8CBACDA9CFEECFCF552A665AF878AA9DDC32624F2610BC8E306BC3C371C2768C"
"scenario","tools/regression_harness/scenarios/procedure_internal_fix_rejected.scn","1531","0FFDED77E65D8AB42296D028B9D35EF10B382FEA1A10C919A2405F575FCED5DE"
"scenario","tools/regression_harness/scenarios/procedure_multi_transition_blocked.scn","1507","B83EF199221A02EC186057E017264F56A2EE7E1ABCCD99E0F72A9DF9F1F7BF04"
"scenario","tools/regression_harness/scenarios/procedure_runway_blocked.scn","2232","6E14A9410280352B9B42E9BDC45526753DB02F2CF09813129EBD790F66036250"
"scenario","tools/regression_harness/scenarios/procedure_runway_record.scn","1500","90283E593926D40AFC362241CE4854AB1FFF8757FC2E972D99222D6A34C7A692"
"scenario","tools/regression_harness/scenarios/procedure_sid_both_record.scn","1615","F62CA498A1F30F6BC9FC95E9E02402695BF3E2847462CF18D874F5A8058AC841"
"scenario","tools/regression_harness/scenarios/procedure_sid_boundary_synthesized.scn","2203","ED552C98831A9CB0319A2D755022BF027A4F76BB519764973939A447516CE91F"
"scenario","tools/regression_harness/scenarios/procedure_sid_boundary_unreachable_airway_blocked.scn","2047","836419AAEE239136B944C152E88015497FFC61871DA91EEB2700C7AEA39770D0"
"scenario","tools/regression_harness/scenarios/procedure_sid_boundary_without_route_context_blocked.scn","1739","A0E6602F74BDA119B299AA4E1761F5A1DD5BD97CBBE3065703999BC42634C8E6"
"scenario","tools/regression_harness/scenarios/procedure_sid_ordered_sequence_synthesized.scn","2348","B57713475446DFB957A3A82C332F0B0C1B14090257317A319EFB9039B653A069"
"scenario","tools/regression_harness/scenarios/procedure_sid_transition_synthesized.scn","2171","4CF3C3F6C3EED903171C9D4090767506C558C07CA8DAB94C8091A6DCC351F889"
"scenario","tools/regression_harness/scenarios/procedure_source_both.scn","1460","67AB0C4CE2F09C0E069F0B4D67C84BDF21846960F93997441169E0DA15199356"
"scenario","tools/regression_harness/scenarios/procedure_star_anchor_without_transition.scn","1506","0EC191CE404B8B22A5C41579CDDFF628BEDC5B3B8EA37A500715D274B6CA87F6"
"scenario","tools/regression_harness/scenarios/procedure_star_both_record.scn","1608","30A5A4C3F5C64D8EDA9C14C4749C8FFE841414C2EFB4317F0DB56886335BF2B7"
"scenario","tools/regression_harness/scenarios/procedure_star_boundary_synthesized.scn","2207","D707A9F3D1D1E1E7F4A28255F4091615800023A0AFCEEEA3E99BCE96B69917CF"
"scenario","tools/regression_harness/scenarios/procedure_star_boundary_unreachable_airway_blocked.scn","2059","D2256EE472BA904EDE29A5636B9BC3E1018B6866ABC38D257C83568B7EBB7E50"
"scenario","tools/regression_harness/scenarios/procedure_star_context_only.scn","1362","85E9AF40A5E93845DED70111806FDBE5375E181987A7F1E6B38B7E0BEADAF98B"
"scenario","tools/regression_harness/scenarios/procedure_star_false_anchor_rejected.scn","1514","03B9DA51F943D7F89EC3E0F89E22A1D1A14FF72E87DDB281527AEB71D8668240"
"scenario","tools/regression_harness/scenarios/procedure_star_multi_transition_blocked.scn","1517","A7B03EB279A79513F85B54D7C30F1D1ECCCF4151D83DD47E67740B8104C657D9"
"scenario","tools/regression_harness/scenarios/procedure_star_ordered_sequence_synthesized.scn","2366","F66FECC32BBDE92D16D5D038799F458FAC1DC1A9240F999D0C2E86D155A982AE"
"scenario","tools/regression_harness/scenarios/procedure_star_runway_blocked.scn","2260","39C5D01A40A92EA43C38171E61BECF572712F7D4BCD943B3468EE4CD5958FD07"
"scenario","tools/regression_harness/scenarios/procedure_star_runway_record.scn","1509","0D8946853F0E025383E1D167441471561A1240F6930D989029BB94581C04C0E0"
"scenario","tools/regression_harness/scenarios/procedure_star_transition_synthesized.scn","2177","D410F9777D8D112F569E8C04C5B27641961FCC79C011EE44F291FCBF08F6132E"
"scenario","tools/regression_harness/scenarios/procedure_star_transition_unmatched.scn","1495","377FF9BA3C6B9C7BAD3787AF49AA4D9FC881ED57E3E9CC1E2CDCCBAF1CB17A53"
"scenario","tools/regression_harness/scenarios/procedure_support_both.scn","1775","E8BFD535C5F4A2ACA4DFE901EC8B4EEC4BDE141AB15E1B3076E7D03DD6CAF9F0"
"scenario","tools/regression_harness/scenarios/procedure_transition_unmatched.scn","1442","E006B304A2E6493B5E06BF721A797F735A21703AB5BFB4F0207EF0B877FE2D3C"
"scenario","tools/regression_harness/scenarios/radio_reachable_phase_gate_filters_by_workflow_stage.scn","637","211D56F75FF462E68645CFFCE498CADD048439C2CE922A444827275D593A4D1A"
"scenario","tools/regression_harness/scenarios/radio_reachable_snapshot_groups_and_hashes.scn","463","D2CAB096C86A8D8CDCC89F4C8216F6B3E098613CFD7AC4417A7FD644161BECF7"
"scenario","tools/regression_harness/scenarios/radio_reachable_source_rejects_over_300nm_transceiver_candidate.scn","787","0BF0D186C7B682C31502DDFA9769FEF0002E2F067A27868A4DC802C3A487232F"
"scenario","tools/regression_harness/scenarios/radio_reachable_source_rejects_stale_transceiver_snapshot.scn","523","6F13F139B4CCE15EAE17EEF23FD9F2E1501D90C3DE7688B980E540B28A7D5D6F"
"scenario","tools/regression_harness/scenarios/radio_reachable_source_uses_transceiver_candidates_only.scn","959","6054B697CE671D7897AF498727E947087183BDCC9F7A624C7A8BE08E1A9B217E"
"scenario","tools/regression_harness/scenarios/radio_reachable_verifier_feed_skips_unchanged_snapshot.scn","261","A14C31F1BAC8CCF26729411C29F9F6D0D015B3DB46DEFBC1042489B9FAB333FD"
"scenario","tools/regression_harness/scenarios/radio_reachable_verifier_feed_uses_gated_changed_candidates.scn","149","FA54A57864AD38EE6E8A5CC93E10F64A9465E5775C084AA6674E6641A88FD448"
"scenario","tools/regression_harness/scenarios/recovery_battery_off_rejects_preserved_context.scn","683","E47D023622371EAF0432B25C53141231FB5E2FA86453610977EBBA8E27BD1923"
"scenario","tools/regression_harness/scenarios/recovery_callsign_changed_rejects_preserved_context.scn","740","B72238B6464AE8E22A8E38E38FAC54258FBCB331230786B782AAB6A1B4B74BE6"
"scenario","tools/regression_harness/scenarios/recovery_fresh_plan_midflight_attach_enroute.scn","879","F94B544FD9868B56897C2DCA07BF1C1D8305223C449F444BBF5010C9F935E9D8"
"scenario","tools/regression_harness/scenarios/recovery_ground_not_at_route_endpoint_rejects.scn","870","13E8A4252D65F7FF8803CF42A3BF505A9A68AD8DE16174618A3D2D6655406A30"
"scenario","tools/regression_harness/scenarios/recovery_hard_reset_without_recovery_stays_none.scn","392","140FF288924C757E0D18499058A1DEDBA89307571B70CE157CFD2A851E12D89D"
"scenario","tools/regression_harness/scenarios/recovery_manual_missing_plan_rejects.scn","620","EEA925EC919B9D64D4EB868EE2C1A7D03AB9F4BCCD11B137A9570E5D362DC65A"
"scenario","tools/regression_harness/scenarios/recovery_preserved_context_reconnect_midflight_enroute.scn","1327","FE80986301E60AA4284FBFA3FD56763BC0741A97400F83036D9C665723FC7771"
"scenario","tools/regression_harness/scenarios/recovery_reconnect_inside_arrival_wake_arrival.scn","993","743FD887E977FF59D90EFF3AE9B36B4C5F1E79D758D5F8898064AD18BE65F140"
"scenario","tools/regression_harness/scenarios/recovery_reconnect_on_ground_departure.scn","865","C15847D11CA86B9249F66554D1D9F7BFC365640C349F6A9FF050074F80ECFFC7"
"scenario","tools/regression_harness/scenarios/recovery_route_changed_rejects_preserved_context.scn","686","D8C696B0A7B5E13C74245C806E75011BC68CB2A1EECFDAE92B66C9C9E00A946C"
"scenario","tools/regression_harness/scenarios/resolver_airport_local_delivery_alias_uses_central_evidence.scn","1442","9668F7863C4A259E425B937BE607EC42307D6618B0165131AED24C339A5AB40C"
"scenario","tools/regression_harness/scenarios/resolver_airport_local_facility_rejects_wrong_airport_or_facility.scn","1336","43AFBFE43AE09CD2ABE325D90329E320AA5E7D9401F05C61A95747B0A8530B4D"
"scenario","tools/regression_harness/scenarios/resolver_airport_local_facility_relevance_feeds_terminal_boards.scn","1766","05B43D272EBB3C7253F5D56DF8FBCEBF76D1A66F2085408764855BF49718EBA1"
"scenario","tools/regression_harness/scenarios/resolver_authority_blank_prefix_is_data_gap.scn","1028","2319817E6AC78A14AF0BCD0FC36728AE1A63220B5D3B24E0714C61888B26C654"
"scenario","tools/regression_harness/scenarios/resolver_authority_cache_reuses_proof_for_watch_only_controller_churn.scn","1950","332AA7B789824ABDBCD279B238F4BDAE892411AEB85866AA8BDF2787019F2732"
"scenario","tools/regression_harness/scenarios/resolver_authority_catalog_segmented_center_patterns.scn","1176","E71EE817BBA704EE1565C4C1F884067F0C4F7481419BA72F467A12F8ECCCD5B2"
"scenario","tools/regression_harness/scenarios/resolver_authority_gap_identifiers_trace_current_and_next.scn","1216","43167281FFE2C88BEF6C411E1B6D81C709B20B812325FADA01AB260FB87D0D95"
"scenario","tools/regression_harness/scenarios/resolver_authority_relevance_feeds_enroute.scn","1383","F629C1A0D07034F55A70E29CD45549D380DF6A374D21947468D939B536896720"
"scenario","tools/regression_harness/scenarios/resolver_authority_reports_active_not_relevant.scn","1452","DC8DDBA1F189F161DE4FF5BF19D846488BE63B4767564A3D8FE807B27CF9E2B9"
"scenario","tools/regression_harness/scenarios/resolver_authority_reports_unmapped_controller_gap.scn","1240","C6131E70F65C7C6368092695CCCFDF57ECDC5E7BE6AEEADAC17491382440E821"
"scenario","tools/regression_harness/scenarios/resolver_bare_center_callsign_feeds_enroute.scn","1691","9D92E933F73A27257E384355744A4A3EE878767A3B01D14B462FB1FF8B28BD44"
"scenario","tools/regression_harness/scenarios/resolver_boundary_callsign_property_is_not_authority_key.scn","1060","E31CE4E7DA06D2EED892D26938C5E9E67D8153F852435042AE51686A85C1AD56"
"scenario","tools/regression_harness/scenarios/resolver_duplicated_atis_derived_rejects_wrong_facility.scn","2574","E911016CC9F5E5FCBB2939D2CCACA4334F4FBF9B5006EE18AB6C1A315D898F10"
"scenario","tools/regression_harness/scenarios/resolver_duplicated_atis_derived_relevance_feeds_enroute.scn","2656","8C504CF3CF08526FCA9B619E0FFB5CCCB888CAEA2452541FE5E644A0381BBA00"
"scenario","tools/regression_harness/scenarios/resolver_multiple_special_sector_packages_select_route_relevant.scn","2539","836CC2320455562C48CA3BFC2C887AC163096A147940B10885DA8BB4F9298E92"
"scenario","tools/regression_harness/scenarios/resolver_ownership_json_supplements_vatspy_authority.scn","1113","A4D7B6B3B23AA5E7BFBDDF568C4135BBC5E445F843A686D91E7E325D67BE8565"
"scenario","tools/regression_harness/scenarios/resolver_route_rebuilds_after_center_catalog_refresh.scn","1101","339D7C87F7C27B4D2079CA9F7F1E91B17BA8ACC3614C575F953DCBCADDC50535"
"scenario","tools/regression_harness/scenarios/resolver_route_rejects_boundary_without_catalog_refresh.scn","1041","A9628D771398594101D36D563FB9998886F7E1A643C0F4326C188EE39721EB56"
"scenario","tools/regression_harness/scenarios/resolver_route_rejects_catalog_without_boundary_refresh.scn","1031","C573CFCFD905B567130A130C6951F5512CFB9C9E90BBD371165C30F4899EACC8"
"scenario","tools/regression_harness/scenarios/resolver_route_rejects_stale_network_plan.scn","857","44D84247AFF60A138D2986689BE0766013FB4B2B9B535EAFB90766B077427991"
"scenario","tools/regression_harness/scenarios/resolver_route_scoped_geometry_keeps_family_polygon_for_transceiver.scn","3455","18E6BF33CF1EFFFA28CE5A37F618DDE8D1F801F529435BC99441231B98373818"
"scenario","tools/regression_harness/scenarios/resolver_source_package_special_sector_relevance_feeds_enroute.scn","2142","24FA49C2CC2E3EE21BB3B63E7E40F0AC987ACF09D8F218DC86FB1DF58D1FB04C"
"scenario","tools/regression_harness/scenarios/resolver_special_sector_data_relevance_feeds_enroute.scn","2110","D8574290095C905F10B12FD549F5B5363A6B683B8A079B2CBADB9767741E3F61"
"scenario","tools/regression_harness/scenarios/resolver_terminal_authority_package_frequency_relevance_feeds_snapshot.scn","1846","83C2946144BEC8817892E7AAE88DF0570CD5578E968078322C169FCD5F679310"
"scenario","tools/regression_harness/scenarios/resolver_terminal_authority_package_rejects_wrong_frequency.scn","1607","8372FF210F49F73E8BA2F8C4D1F5EF72BF926261013B4E7FA9ECB29071AB5399"
"scenario","tools/regression_harness/scenarios/resolver_tracon_terminal_accepts_source_owned_sectorized_callsign.scn","1579","228E52E299BFAB524F88058AE817BD64317F298DB039FD7C29489E1E6EB3D25E"
"scenario","tools/regression_harness/scenarios/resolver_tracon_terminal_rejects_sectorized_wrong_facility.scn","1385","7E8D94745E070255C63BBECAE660455273A6880BE271BDCC5A1AF130EB06C5DF"
"scenario","tools/regression_harness/scenarios/resolver_tracon_terminal_relevance_feeds_snapshot.scn","1537","A18E6505E438183CA97DB0D08B384C0E6A8DBFD1FB41B99CAE6EAD170603EE29"
"scenario","tools/regression_harness/scenarios/resolver_transceiver_geo_rejects_foreign_source_owner.scn","1681","160A241122E53E3E8EB51E35C4526C7EBB216AB0EBA40C1337B48DA28B2774F5"
"scenario","tools/regression_harness/scenarios/resolver_transceiver_geo_rejects_known_unrelated_callsign_base.scn","1734","FBD24C9A44B518449058C1E7FA5E22B5A3F5CBC05CE8F21E8FDDCBD3104A1161"
"scenario","tools/regression_harness/scenarios/resolver_transceiver_geo_rejects_non_center_facility.scn","1521","F3919D45F0E9064F070F91FF68B03E5ED254E657FA9041AF45C20B7415219989"
"scenario","tools/regression_harness/scenarios/resolver_transceiver_geo_rejects_remote_center.scn","1569","66B03820703399B96A06A0A2192C8BB03F55FF02E55433BF9B1D4E7D4431B99A"
"scenario","tools/regression_harness/scenarios/resolver_transceiver_geo_rejects_source_owned_broad_container.scn","1695","04615DFCEA943CFEE0AD8987D7AA867C34EA7E419A79505659E8B1D662985C31"
"scenario","tools/regression_harness/scenarios/resolver_transceiver_geo_rejects_unowned_neighbor_polygon.scn","1718","A15AEE80711FB041775118B34382FA0124282303C9D5AF9B4319F398E13D03DC"
"scenario","tools/regression_harness/scenarios/resolver_transceiver_geo_rescues_non_route_source_match.scn","1800","47B0F243D7B7E6D95F86663E688CEA33BBA5DEAD323A1D31E2C93A78D4EB17F4"
"scenario","tools/regression_harness/scenarios/resolver_transceiver_geo_rescues_unmatched_center.scn","1870","F1950E2563E5FAAAA701D4915EB810EF183CE04590E34C3969146285A4A8B2E8"
"scenario","tools/regression_harness/scenarios/resolver_vatglasses_dynamic_frequency_blocks_broad_fallback.scn","1840","CF2E0B8E9BB306931F37DD16E85ABAEFA011D8834C069FDDE84947B30D6FA4D4"
"scenario","tools/regression_harness/scenarios/resolver_vatglasses_dynamic_frequency_relevance_feeds_enroute.scn","2149","6E10E79724E4ABA62C21442812ED9F9BC52E63969DB9EAB1623C8FAB7E80A24C"
"scenario","tools/regression_harness/scenarios/resolver_vatglasses_frequency_rejects_transceiver_geo_mismatch.scn","2979","4A3B8C31BA13DC8F315562C43355E5C99D9061098B7D044C453F93484BF7DFFA"
"scenario","tools/regression_harness/scenarios/resolver_vatglasses_frequency_rejects_wrong_facility.scn","1795","24A7DC879AE20806C2CBDC030068B662D39FB167C7DDAC0F1983BFB0049B7EA1"
"scenario","tools/regression_harness/scenarios/resolver_vatglasses_frequency_rejects_wrong_prefix.scn","1812","9040873B35DE2EB48EE461F772C4BFCFEA89B9BA8EF77301D943452B9E56FDB2"
"scenario","tools/regression_harness/scenarios/resolver_vatglasses_frequency_requires_route_owned_polygon.scn","1722","6DCB73C6FDD1D787AA9DF32CE8CB2E1E16D9A335A670CEC06EAA1D9677F04F2C"
"scenario","tools/regression_harness/scenarios/resolver_vatglasses_static_frequency_relevance_feeds_enroute.scn","1910","8B92E8C0CBE19242B986E2C185D71FEB5817609D9697EF87D904D087A344A59B"
"scenario","tools/regression_harness/scenarios/resolver_vatglasses_terminal_frequency_relevance_feeds_snapshot.scn","1915","99F367C9553819CAA7C550605BD311C3818E8293F48CC0506913048179BA4EE2"
"scenario","tools/regression_harness/scenarios/resolver_vatglasses_terminal_rejects_wrong_frequency.scn","1562","ECF6FA92BE414D5C4298AD6C9DD74404677A216B70FF31178DF8D45F2BCB9D59"
"scenario","tools/regression_harness/scenarios/resolver_vatglasses_tower_terminal_kind_does_not_feed_enroute.scn","1895","7EA5CFB19CEA4473ACD1753F29CB886434A32CC46A6074D65C77067D05F5FCDE"
"scenario","tools/regression_harness/scenarios/route_collapse_explicit_prefixes_only.scn","625","4A4EEFE3EB57B48C6EBC3C11187935B49C327836B11889E26AF94B8C615E71AB"
"scenario","tools/regression_harness/scenarios/route_collapse_no_controller_prefix_leak.scn","575","5BAC95CD6BCA57A8AAAD4F82BAACAEB7C77123F2CE855137B4FF17DCF41459ED"
"scenario","tools/regression_harness/scenarios/route_resolver_airway_loader_keeps_i_prefix_waypoint_rows.scn","1192","A161DAE22E6122CC30EAE78BD54204E1320315927289269909DCB76A30D311CE"
"scenario","tools/regression_harness/scenarios/route_resolver_airway_lookup_uj11_igsam_cdr.scn","3449","E36AF8B355A3C27ECB96E2EC64390DF2CBC6DB22DBBDFBADA091882DB13E3D67"
"scenario","tools/regression_harness/scenarios/route_resolver_voi7842_uj11_diagnostic.scn","2838","15FB78A40207BC1E79E659F54C5F272168BEFA009869BDC3BF8D8EC1F740E952"
"scenario","tools/regression_harness/scenarios/route_sector_authority_evidence_records_filtered_controllers.scn","4860","609E7DC65771E533C2A8E4F0612F406E3238EBE330EA33293C421438603649FA"
"scenario","tools/regression_harness/scenarios/route_sector_authority_metadata_attaches_china_fir_owner_pre_ctr.scn","3601","B8F37A70D1367847B4DE5143F949E4C74C41DA9C83107BA8067543A4FCC7EE0E"
"scenario","tools/regression_harness/scenarios/route_sector_authority_metadata_requires_linked_owner_or_pre.scn","1315","03D4A279CBB74FB0751A594C08FC1846A32C4DAF45195558FF940EBC67007E39"
"scenario","tools/regression_harness/scenarios/route_sector_authority_proof_evidence_records_duplicated_atis_missing_ownership.scn","2706","94153F6963DC82B0D44DD6C3E5A67F2B127F0782F4C3F6E747D22A685CA821B4"
"scenario","tools/regression_harness/scenarios/route_sector_authority_proof_evidence_records_transceiver_candidates.scn","4619","3132B3AA0F796EFE490F39BF41EDE2422E76ECD2707D9B5B6180717E2A7EA571"
"scenario","tools/regression_harness/scenarios/route_sector_stale_does_not_populate_enroute_board.scn","562","C92883FE23551866220074D3E83BF1B4A05E19023A5E7B822B8B75E614D9F799"
"scenario","tools/regression_harness/scenarios/route_token_grammar.scn","852","D4AFFB8E501B60CDD2ABFFF78EF7C4D4F9016639F7CB72E517D193D7EFC9B381"
"scenario","tools/regression_harness/scenarios/route_traversal_kzfw_png_txo_exact_crossing.scn","1439","D8EE9C7B76FA198DD66D309785FEEE124F6EF9A1B955FA60EF3CF67CFD1E002B"
"scenario","tools/regression_harness/scenarios/route_traversal_skj914_mmto_kcos_includes_kzfw.scn","2324","CDC750205056D849E1F0FFB112E9FE170EAA1278BFACAD473216389228197E98"
"scenario","tools/regression_harness/scenarios/route_unresolved_airway_diagnostic.scn","1015","40B5A46246DE2265681DB330C311615674777737390A6F5045C150D1E19B056B"
"scenario","tools/regression_harness/scenarios/route_waypoint_resolution.scn","1319","FBC70AA297FA982847CC80E98643F2BDF1B4D1282F951ACCEE2CF49B035ABE21"
"scenario","tools/regression_harness/scenarios/source_manifest_defaults_supplemental_sources.scn","657","7EE02D93EB0A62A0618E048E4FE51C7C3554C8B71BBCBA5BA739FF59AAC5763D"
"scenario","tools/regression_harness/scenarios/source_manifest_parses_authority_source_registry_urls.scn","1107","5C4ED96E63E614FE32EB19F186EA4F5F15371D6F4E7744B580D9792F04704468"
"scenario","tools/regression_harness/scenarios/source_manifest_parses_special_sector_data_url.scn","815","25723CB867BCFA5CA0BE5046076D973FB64E07C29682878F6B8E145B6976D9A4"
"scenario","tools/regression_harness/scenarios/source_manifest_parses_special_sector_data_urls.scn","953","AD7E4E3E31EEC8A753942E7927CEA2FDB824E8164FDD3DCBC7A88F148CFDDADE"
"scenario","tools/regression_harness/scenarios/source_manifest_parses_terminal_authority_data_urls.scn","1093","15593D2F3B722CE236121B17A02CA2FFDF839D15F305E78DAE59F1F2E3EA9C0F"
"scenario","tools/regression_harness/scenarios/source_manifest_parses_vatglasses_dynamic_directory.scn","884","5DB1180EB3F9470D6F99981CD3952E88E769255AA716700CE20BF97FC974ACF6"
"scenario","tools/regression_harness/scenarios/source_manifest_parses_vatsim_map_data.scn","789","C2818B3BED0134C7766BCB8BF8A0636BD2BF96035684A43B2BF0DF777EC1EB82"
"scenario","tools/regression_harness/scenarios/source_manifest_rejects_incomplete_urls.scn","789","742FF0677FC7E2112823A4DE937004F14B7E722B0AA32FEAF54772BF6E9BD146"
"scenario","tools/regression_harness/scenarios/source_manifest_rejects_untrusted_authority_source_registry_url.scn","837","AF7D70A9134125AB308F37941BD0AE8A6200ADDD84C0C0AACF8EA55211C422BB"
"scenario","tools/regression_harness/scenarios/source_manifest_rejects_untrusted_special_sector_data_url.scn","825","9F1A89393266F229D1BD0F09D34DC199F23F8E8007E04015CB15806D281ADED0"
"scenario","tools/regression_harness/scenarios/source_manifest_rejects_untrusted_special_sector_data_urls.scn","963","0BC958FCA33913C580886C521903C1A948BF62A443BDEDD2CB7A9C033469FE50"
"scenario","tools/regression_harness/scenarios/source_manifest_rejects_untrusted_terminal_authority_data_url.scn","817","DDC4E17B483AEBC93A55821F14E37BC4732234096882E97950C73AC041B722B6"
"scenario","tools/regression_harness/scenarios/source_manifest_rejects_untrusted_vatglasses_source.scn","801","F8213CAF6021240CB6B9756EFA56A5FEDF0AF873627D07A51FE755A625653772"
"scenario","tools/regression_harness/scenarios/source_owned_live_consumption_settings_absent_default_off.scn","2433","318CFF3E953271D864CD20938D1AA1B264C27024C2BDFED428305A17107E908F"
"scenario","tools/regression_harness/scenarios/source_owned_live_consumption_settings_false_default_off.scn","2507","98DB31B6F98FA17C3EEE7AE03812D447A974A1BC75F8DF38A75B097CB85F79D8"
"scenario","tools/regression_harness/scenarios/source_owned_live_consumption_settings_true_clean.scn","4151","2745221EEA7304D75786658D0630CA361639F548631B70F1395DD6061515255B"
"scenario","tools/regression_harness/scenarios/source_owned_live_consumption_settings_true_drift_blocked.scn","1264","04A98E1BCC341481CAFE0A84CC9EE24C4AF6F0C2601A82372EF3FD6881DC034B"
"scenario","tools/regression_harness/scenarios/source_owned_live_consumption_settings_true_missing_plan_blocked.scn","1824","E2C697CE53AB931811ECDF96FD307429AA53EFF472C0D682E3E81C7AE10B6880"
"scenario","tools/regression_harness/scenarios/source_owned_live_consumption_settings_true_shadow_gate_off_blocked.scn","2796","C2378C5E47D80B81EF5BEA098C7326E761FA830BCFA181B2D51168F39C3FFB70"
"scenario","tools/regression_harness/scenarios/source_owned_live_consumption_settings_unknown_source_guardrail.scn","2486","7F0F33BDA5379A4C81BB56E248095C376110FC7AFECC6C0BBB39DDD77915B5D3"
"scenario","tools/regression_harness/scenarios/source_package_combines_multiple_special_sector_sources.scn","1721","51A2F7EDC1BCEE4EF94DF7ED05D8162E97A3041F5B7ACD9B62917757AD6C45C5"
"scenario","tools/regression_harness/scenarios/source_package_combines_terminal_authority_source.scn","457","334405ADC3DF4CFB22ED2E928503375F73A2BDD4673409C153C314EC6FD23116"
"scenario","tools/regression_harness/scenarios/source_package_combines_vatglasses_dynamic_and_special_sector.scn","1630","4A216247CD80A1E4EC85045D04132FAC878818FCC290218F66BE09A73E842693"
"scenario","tools/regression_harness/scenarios/source_package_combines_vatglasses_dynamic_files.scn","821","D54A218AEF8B3038CF72422B7E6A168C07871AC2BFBFA33EDE0CCF79A0C15F5D"
"scenario","tools/regression_harness/scenarios/source_package_expands_authority_source_registry_payload.scn","1162","1D0E02579ABE320E807251BA8063A1EAA50D2E37617F7AC419D220326CBE4541"
"scenario","tools/regression_harness/scenarios/source_package_expands_dynamic_directory_registry_payload.scn","1421","2A7599309E60D09A0052451EF8E6A62C26835F00D5942B918AABD274181BAAEA"
"scenario","tools/regression_harness/scenarios/standby_assist_arrival_uses_brain_display_order_center_before_app_ground.scn","1835","9F7829EA197956B375DE3B6EA207A5BDE6D06471590E7D8A929D8CC1F72ED128"
"scenario","tools/regression_harness/scenarios/standby_assist_ctaf_unicom_preview_already_com1_standby_blocks_controller_write.scn","1370","AFFF809081B1E8882E610E5A4C4C080AF7B6F63ACE49945946C4E20850E0DE3F"
"scenario","tools/regression_harness/scenarios/standby_assist_ctaf_unicom_preview_controller_target_unchanged.scn","2170","58A110CEC01685EF08BB1EEBF43607D9DEC8CA32C97175D172B6A0DA00826F95"
"scenario","tools/regression_harness/scenarios/standby_assist_ctaf_unicom_preview_direct_ctaf_recommendable.scn","1825","0469E502D85D9804A0817E6254EE15200262A18D9B8FD9B264AD84899D1A64F3"
"scenario","tools/regression_harness/scenarios/standby_assist_ctaf_unicom_preview_disabled_blocks_controller_write.scn","1312","E65267F35251396AA1C1C15659B000F9B693349DE2E3C7A24400D6C8F54E7071"
"scenario","tools/regression_harness/scenarios/standby_assist_ctaf_unicom_preview_empty_ctaf_blocked.scn","1358","864ACD6AAD0CB0DA11524918973406FD7F572897CC03BFEE79491721CBA5FC33"
"scenario","tools/regression_harness/scenarios/standby_assist_ctaf_unicom_preview_failed_ctaf_not_ready.scn","1299","D97C70619B75CCCB7CF4DBE02A51240A1CDE5F1E2D8C34CE57354C2AA315B2C7"
"scenario","tools/regression_harness/scenarios/standby_assist_ctaf_unicom_preview_pending_ctaf_not_ready.scn","1224","CF775B17B4F5FD41E0CB95D2AEF71C8228702F4B293BDAD3DEFE15B2090082AF"
"scenario","tools/regression_harness/scenarios/standby_assist_ctaf_unicom_preview_unicom_product_gated.scn","1572","1488A08B096D37C614CAFFF74834D462087D01EFF11DBB6EDB0CABDAF0686203"
"scenario","tools/regression_harness/scenarios/standby_assist_decision_ledger_already_com1_standby_blocks_write.scn","1532","A1E95982AE941370CDC75069507E70E095A126B514F2B378ACB279D7E7B9EDD6"
"scenario","tools/regression_harness/scenarios/standby_assist_decision_ledger_controller_target_unchanged.scn","2073","2A6F911343559D5F3027E93FFBC31817C1D0EFAF85FB46C6B70F7C3618DAFC77"
"scenario","tools/regression_harness/scenarios/standby_assist_decision_ledger_ctaf_advisory_skipped.scn","1323","17B637F5A47E6968BC0A0AEC826B40A4F6F3529ED100598AC62999F10285F5E2"
"scenario","tools/regression_harness/scenarios/standby_assist_decision_ledger_disabled_blocks_write.scn","1474","89D7463093D14E5FB79D75C5E05F531799EB5271534D392D1DC70712E7FE5AE9"
"scenario","tools/regression_harness/scenarios/standby_assist_decision_ledger_pending_failed_ctaf_never_write.scn","1359","E3B7A53BC086BD3CAD3683A77783512548F7E69D12E5D46F887D8727F23C7C6C"
"scenario","tools/regression_harness/scenarios/standby_assist_decision_ledger_unicom_advisory_skipped.scn","1269","4E5DEF54F9ED5D3D1F0ED2AE988A8F23A2629857A1773AF1D82B052EA660F195"
"scenario","tools/regression_harness/scenarios/standby_assist_direct_ctaf_dry_run_already_com1_standby_blocked.scn","1484","F774FA49B81167183A86B387D63862228F1E697D949D1B6A94F2B4A8C5140ADA"
"scenario","tools/regression_harness/scenarios/standby_assist_direct_ctaf_dry_run_controller_non_displacement.scn","1783","1785361A23AB908D819F9367376DC232E81F4A57A0F903213E726DBF93DDB2F4"
"scenario","tools/regression_harness/scenarios/standby_assist_direct_ctaf_dry_run_controller_target_unchanged.scn","2221","9F422B090A0EF864F22053853237FBF31ED8D719B8F620855889D233243FEE17"
"scenario","tools/regression_harness/scenarios/standby_assist_direct_ctaf_dry_run_controller_write_side_effect_unchanged.scn","1394","8BCD57363FA419574EB1CFDA13BAA75EC19643A0B1D270B901604DF2E094475E"
"scenario","tools/regression_harness/scenarios/standby_assist_direct_ctaf_dry_run_disabled_blocked.scn","1432","70836E5B32AFF5E6D9205C432B60C749D958E6CC985FA1B059CEBE4C846AB306"
"scenario","tools/regression_harness/scenarios/standby_assist_direct_ctaf_dry_run_empty_blocked.scn","1378","C41984964A196850ECE49DF57524D493EE3E3F910BD2AC2FDD4A7C058CAE9410"
"scenario","tools/regression_harness/scenarios/standby_assist_direct_ctaf_dry_run_failed_blocked.scn","1309","3E2AE77D6D5FB25F7B4AA7523237AFC2021B2C75EEDABF59ED29BEAF51022246"
"scenario","tools/regression_harness/scenarios/standby_assist_direct_ctaf_dry_run_pending_blocked.scn","1232","E72A5DB8846340934FEE1A15B4614AC3079AFE3E0B409881EB3215CF13B31701"
"scenario","tools/regression_harness/scenarios/standby_assist_direct_ctaf_dry_run_ready_no_controller.scn","1427","197F8DAE2A803D9A251AF45AE2BBD4B79453143875A2D670651ED816BDD722E9"
"scenario","tools/regression_harness/scenarios/standby_assist_direct_ctaf_dry_run_unicom_excluded.scn","1386","432B25A626A23CAC0D587396CFEBFC7F57C0F38246BE7F765BB18CD2DD3F7890"
"scenario","tools/regression_harness/scenarios/standby_assist_direct_ctaf_gate_polish_both_gates_on_direct_ctaf_write.scn","1333","027C8BCF93AD86457FA1E64F25AA0C69FE4B68BF9956ECB33CDE008E40876AF0"
"scenario","tools/regression_harness/scenarios/standby_assist_direct_ctaf_gate_polish_controller_target_preserved.scn","1799","68C20F84DB4459AE2764AD188FC7FE370FE906451B5F21485FE749A404325C8D"
"scenario","tools/regression_harness/scenarios/standby_assist_direct_ctaf_gate_polish_direct_gate_on_standby_disabled.scn","1302","29F7969707F75A9FF985E4C9F8D13AFF595BE955F392A11162854492A0C676D2"
"scenario","tools/regression_harness/scenarios/standby_assist_direct_ctaf_gate_polish_empty_blocked.scn","1220","6BE80586BA23F02390B7CF096C9725D5658B0FB3FEDACF9506DA273CA99DE4EA"
"scenario","tools/regression_harness/scenarios/standby_assist_direct_ctaf_gate_polish_failed_blocked.scn","1214","924F428286A38E303212CD27B7CAE7B1924C68D7114FEF7A9C5016DE406055E7"
"scenario","tools/regression_harness/scenarios/standby_assist_direct_ctaf_gate_polish_missing_setting_default_off.scn","1250","BDD97D80F63337A0ECCC9F928F63D877F660DE49F11F77FDA7CFBF02F53020B1"
"scenario","tools/regression_harness/scenarios/standby_assist_direct_ctaf_gate_polish_pending_blocked.scn","1138","F352D00BFCE651E166FA710E841A9DCCF46EB206EEBD9E25CF5BB46E16EFF2F4"
"scenario","tools/regression_harness/scenarios/standby_assist_direct_ctaf_gate_polish_settings_source_default.scn","507","D5EE6104FD219E45D60309EDEFDAEA376E8A7DD7729C391E77CC95D7D483A345"
"scenario","tools/regression_harness/scenarios/standby_assist_direct_ctaf_gate_polish_settings_source_harness.scn","1185","E12084F3097DC183DA15C6EF0302496F6EB85082F81E3B0845BB03BFFE8BC621"
"scenario","tools/regression_harness/scenarios/standby_assist_direct_ctaf_gate_polish_settings_source_settings_store.scn","1254","B8279694E6C179B10C5DA81D2DFF9E5ADF391AB27EB814F8C62177AB4BA9432D"
"scenario","tools/regression_harness/scenarios/standby_assist_direct_ctaf_gate_polish_standby_assist_only_no_write.scn","1264","D606170D7EF57110EC2DB36D5F0E17C2B259867FAC31C1155D96FB3950B2F0F0"
"scenario","tools/regression_harness/scenarios/standby_assist_direct_ctaf_gate_polish_unicom_excluded.scn","1432","FAF0372CFA536D2444C7AC31087DD6CE614318A09393530B3B4EF00F082B5381"
"scenario","tools/regression_harness/scenarios/standby_assist_direct_ctaf_gate_polish_writer_controller_source.scn","1146","02CEAC45A8C278349596B58E3D716285AB23D34A2A20E71C1DBD3ECFB83D3EC2"
"scenario","tools/regression_harness/scenarios/standby_assist_direct_ctaf_gate_polish_writer_direct_ctaf_source.scn","1131","BF24DFA89E09B16E23042E0F0244DBC015412A229C98AEB7CB37FC5A7B0133FC"
"scenario","tools/regression_harness/scenarios/standby_assist_direct_ctaf_live_gate_already_com1_standby_blocks_direct_ctaf.scn","1679","EDF08C0855A32BEEC62C70CCB66938FA13585FA2837E8F625117AD1AECEFD3E7"
"scenario","tools/regression_harness/scenarios/standby_assist_direct_ctaf_live_gate_controller_behavior_unchanged.scn","1618","3E03C7641C6117451B2394B7A07D4858E122232461C9C43A38FFFFDB8AFC3D37"
"scenario","tools/regression_harness/scenarios/standby_assist_direct_ctaf_live_gate_controller_latch_unchanged.scn","1545","5C631F106BCF956CC6CF46839243F63B1B7EB8ACB764F80B885C4E6427146657"
"scenario","tools/regression_harness/scenarios/standby_assist_direct_ctaf_live_gate_disabled_blocks_direct_ctaf.scn","1630","321FD5A2F6E5AC8C24073B477B66CAA08BE8AEF9AE981DBBCB2358D580E71BA6"
"scenario","tools/regression_harness/scenarios/standby_assist_direct_ctaf_live_gate_off_dry_run_only.scn","1629","3A33C465412E14FFDE17112425230B7F96D1EE1D5D28FF6DBA7D31D3C60171CE"
"scenario","tools/regression_harness/scenarios/standby_assist_direct_ctaf_live_gate_on_controller_wins.scn","1937","BD9A1CB7AB4D0A7E94A38710C18477E68CDA9698D4B49BF341515A1D45E79E7B"
"scenario","tools/regression_harness/scenarios/standby_assist_direct_ctaf_live_gate_on_empty_blocked.scn","1565","FCC86C700D65BCD049173E02B00454E04B8E8C8DCCFAA37449685A6E2CA8FCB9"
"scenario","tools/regression_harness/scenarios/standby_assist_direct_ctaf_live_gate_on_failed_blocked.scn","1494","361F7A62A8BCFDE8AD2379181C6510ADB2AFB1BFF69326235733E3C699F7030D"
"scenario","tools/regression_harness/scenarios/standby_assist_direct_ctaf_live_gate_on_pending_blocked.scn","1418","D6A7C6923484A2A2108E25385EF2195D084529710C0C260638D213C33BDD8815"
"scenario","tools/regression_harness/scenarios/standby_assist_direct_ctaf_live_gate_on_selects_direct_ctaf.scn","2001","8C314067B7432D37907B877CEF316E42BE8C5F4E48050F68E398E07201B00EF1"
"scenario","tools/regression_harness/scenarios/standby_assist_direct_ctaf_live_gate_on_unicom_excluded.scn","1803","5E6F2CDEDB177F6D3CB027A006ABA974C7E8A25DD7F204D7622E7B97C70C3A49"
"scenario","tools/regression_harness/scenarios/standby_assist_direct_ctaf_live_gate_write_diagnostics_source.scn","1812","ADA54E85170545EAFCB7914A37394C26AEFC0558C43D636B1D89DCCCC604BF30"
"scenario","tools/regression_harness/scenarios/standby_assist_does_not_select_tuned_stale_center_after_polygon_transition.scn","1853","3D1A15DCE6E81A6121DE0C544DE87B74478544831DFA1ADFE6AEEE75F4C85ADD"
"scenario","tools/regression_harness/scenarios/standby_assist_writer_result_already_com1_standby_blocks_controller.scn","1650","825B8BF88FCA9EEB7A6DFB943A38E4FA31F9EE8C3E11223178A5C4DA4B140CCB"
"scenario","tools/regression_harness/scenarios/standby_assist_writer_result_controller_latch_unchanged.scn","1503","203BD031C1361F68BBE245ABB0E40E6F544055F213094D4404C949C9065685FA"
"scenario","tools/regression_harness/scenarios/standby_assist_writer_result_controller_no_target.scn","1020","AA3A385FD981F85C3EC86CC6C33754330159BFE02A6F456318E41D610E382C5A"
"scenario","tools/regression_harness/scenarios/standby_assist_writer_result_controller_success.scn","1616","D324A6BB08334E6FEA30EBEDE9159A8C8DB0E0B4D0FFD086B14AC099CC508D90"
"scenario","tools/regression_harness/scenarios/standby_assist_writer_result_dataref_not_writable.scn","1338","6EDD3717217FD56F77465034FCC4BA71D848F2D65C00BDF82DC75E7DE7382FE0"
"scenario","tools/regression_harness/scenarios/standby_assist_writer_result_direct_ctaf_gate_off_no_writer.scn","1146","D44C45CF77EC66A6152409D093ED9B8DB792EAC3E10D8F7FA8802F1992F1728E"
"scenario","tools/regression_harness/scenarios/standby_assist_writer_result_direct_ctaf_gate_on_success.scn","1251","72C63A208412349CE19C924FFF532073C3806B85BED4914D3DE3019D0326FDD2"
"scenario","tools/regression_harness/scenarios/standby_assist_writer_result_disabled_blocks_controller.scn","1617","09245F2095BB038E6FCF0A4AD7F9B256DE355666E1A12DF60FF9694DF75BD0D4"
"scenario","tools/regression_harness/scenarios/standby_assist_writer_result_empty_ctaf_no_writer.scn","1188","FA158A7D452BE9A21BA4DDDB9B969B928C70AE7E328A5C835BBD8BA20780EC9D"
"scenario","tools/regression_harness/scenarios/standby_assist_writer_result_failed_ctaf_no_writer.scn","1169","03283068C76C8B0C522ECF4009A1E19003B4825D729BC7A42894506230E51A48"
"scenario","tools/regression_harness/scenarios/standby_assist_writer_result_pending_ctaf_no_writer.scn","1091","3A6121478F317CB454612B680214F733F1B660301795AA7777DAB91705593BFA"
"scenario","tools/regression_harness/scenarios/standby_assist_writer_result_unicom_no_writer.scn","1234","FACB621DD33A0C77F1591FEEC72063F5A7057BCF9F768473E39A0ADAC3218E48"
"scenario","tools/regression_harness/scenarios/synthetic_sector_chain.scn","729","683C0954309F2967AD4980E96EBEB34D4C7120E0BA760EE6A1FBC741E4B92504"
"scenario","tools/regression_harness/scenarios/terminal_airspace_rejects_suffix_without_facility_truth.scn","878","42B2E97602C9BED3CB9E367DCA19BA487C949B5AF7E8A12634B24342158AB877"
"scenario","tools/regression_harness/scenarios/transceiver_resolver_airport_coverage_evidence_records_filtered_candidates.scn","5911","AE34B091FA57D428B1BB206F525DC3E5A0DF1B9F6D0FA0662F076A80C3617F0F"
"scenario","tools/regression_harness/scenarios/transceiver_resolver_authority_evidence_records_filtered_candidates.scn","4148","4EFF7F8FECF8D93D16B2FCBAF5B3077223AC7ABFF9EE80CA968DBF146C19D804"
"scenario","tools/regression_harness/scenarios/transceiver_resolver_evidence_ledger_records_filtered_candidates.scn","5479","8823B7F6874C27663503EAC320B0571006672598F0F95BC0B721469C1B7A5F14"
"scenario","tools/regression_harness/scenarios/transceiver_resolver_holdover_keeps_sea_ctr_reachable.scn","993","7B665CE7E9B80F5DAB8428EAE42B660F2899BCCD9A83435AC3694938EDDB0C99"
"scenario","tools/regression_harness/scenarios/transceiver_stale_does_not_display_range_count.scn","371","A512075026B6BE0AC6E2709B48F5F27DFB7B932358FF3BF0592BC290C9EB2847"
"scenario","tools/regression_harness/scenarios/update_manifest_available_notify_only.scn","1168","B6A311D7B830FDB231DBB30E661836256165B31FDE8E92C28706753BBCCE7126"
"scenario","tools/regression_harness/scenarios/update_manifest_current_valid.scn","925","30D78951C24848F251F10474794006D56FB83F3518205D65CB42DF2D7A555E6B"
"scenario","tools/regression_harness/scenarios/update_manifest_malformed_fails_closed.scn","455","5CD4BB361B4EB428FD53AFB4CCC709EA31776CB3D7285D287BE06C01F47707E6"
"scenario","tools/regression_harness/scenarios/user_khou_rksm_dal120_controller_situation.scn","9449","EEDC7D5D95EB681B0E119869C86B6D12B8724A8487281EC11932B114129200BA"
"scenario","tools/regression_harness/scenarios/user_panc_vhhh_gti947_hkg_w_center.scn","8285","7597F245E949BF25E43B131464536A1C10236C726970A1E52C96E42C63A9A7F0"
"scenario","tools/regression_harness/scenarios/v2_operating_mode_all_resets_preserve_selection.scn","828","D0F68741969E00668FDDC34823853AE5A2BA7550D08B24890AA45A3523C1E031"
"scenario","tools/regression_harness/scenarios/v2_operating_mode_arrival_output_parity.scn","1037","1B21CE126C3B57223AE008D7077A69F179FEDC271C0EF7AB467F731B9536C076"
"scenario","tools/regression_harness/scenarios/v2_operating_mode_departure_output_parity.scn","954","61C461E119CA49911A360418EE2DFDE6E5DA6EF58EAD047E4AB08645563A7828"
"scenario","tools/regression_harness/scenarios/v2_operating_mode_enroute_output_parity.scn","1135","411CB3EE897F36DF4FF4E06E2B361D8A99D4E4C187551B2EDB56D9F32816BC4B"
"scenario","tools/regression_harness/scenarios/v2_operating_mode_missing_plan_never_selects_vfr.scn","625","1C974EC065DF0D57D80A82F3D435222346FD0188D56F43F71F33C42EF011CBC8"
"scenario","tools/regression_harness/scenarios/v2_operating_mode_persistence_failure_fail_soft.scn","627","410B2A07B02BE8AAB0DA1F25CC4162C06CAAB11799F28EA3B6CF7F1D89D5D8E8"
"scenario","tools/regression_harness/scenarios/v2_operating_mode_reselect_is_idempotent.scn","562","FA17B96414F0C041AF431A512758AC6BDBB3C5C70F19368B2909C82BB29D4011"
"scenario","tools/regression_harness/scenarios/v2_operating_mode_settings_invalid_defaults_ifr.scn","312","7490AF3E6BE90E583DCFEC2F1855A174E0E31FB66EC7ABEEEA7C876FC60153E0"
"scenario","tools/regression_harness/scenarios/v2_operating_mode_settings_missing_defaults_ifr.scn","312","D601D40BA0159E37F2AE7E958FBC8550D44CD165BA21D746B54CA70A595CB256"
"scenario","tools/regression_harness/scenarios/v2_operating_mode_settings_round_trip.scn","270","A81C1C35731AD4D40CC5F53AE65488A3401F7E50D260DA6E983C2B76E90BAEAF"
"scenario","tools/regression_harness/scenarios/v2_operating_mode_settings_valid_values_load.scn","360","A926D7A2026CDF4A569F3ACEF2C8AA739D3FA215E356CF5B89C68B09E39D49F4"
"scenario","tools/regression_harness/scenarios/v2_operating_mode_transitions_increment_once.scn","490","BE87AE2FEF5ECB9F041BC2C82EA59DF333D9C1843B5BEDF02FFADE378862CE37"
"scenario","tools/regression_harness/scenarios/v2_step3_accessory_shell_default_neutral_closed.scn","1428","A95D3177DBE97BA6450A8CE91DCC984D02D9A75BEBCC62B813412D287C6EBD05"
"scenario","tools/regression_harness/scenarios/v2_step3_action_render_work_is_bounded.scn","18949","0C6BD1727DCFBA518C5D82B8F38661C5281847D07B9D4ABE826768415F5986DC"
"scenario","tools/regression_harness/scenarios/v2_step3_atis_orb_toggle.scn","785","E23ADB435101719B1297CE1653A192CB305B18610CE52D26218D3734E2184A13"
"scenario","tools/regression_harness/scenarios/v2_step3_cache_preserving_refresh_preserves_histories.scn","1289","0B84D0424ADA718C47345A87ECA1FBDDFF619E5A21BDC0090F1C31E78AE2736E"
"scenario","tools/regression_harness/scenarios/v2_step3_callsign_change_blocks_prior_pdc_history.scn","840","DD9CCCAED254EE493998A91C51E4619E9BBE3BB674AAFEDA9A85F5B0CBD27859"
"scenario","tools/regression_harness/scenarios/v2_step3_click_request_exactly_once.scn","6655","F0BCFFFEC993ECDBEC3C56C9C10413027BE2FD810B8B9F2D675E9F0D791C539D"
"scenario","tools/regression_harness/scenarios/v2_step3_close_reopen_preserves_entries_and_resets_top.scn","1177","6341196C470B6E2EC0210BD4452257A4DBB45E4C9D835EEF5F67164810C3F945"
"scenario","tools/regression_harness/scenarios/v2_step3_closed_drawer_cache_update_no_raster.scn","1290","D367A9FF86742753B69776530A8FF63B1C38E1CDB8A0A17B9791135AC7E7A186"
"scenario","tools/regression_harness/scenarios/v2_step3_drawer_normal_text_wrap.scn","1278","68B3463DEE76EC70F7BEE114DDC7E56752011AB42F4BBAE835BD967D9C0B2D9E"
"scenario","tools/regression_harness/scenarios/v2_step3_drawer_scroll_isolation_and_reopen_resets_top.scn","1231","DA4E2D1D323BF886E870F55EBEBA1DE809F268E6CA877284A79071B03ADF95F0"
"scenario","tools/regression_harness/scenarios/v2_step3_drawer_unbroken_token_wrap.scn","763","B5520B1D59C7E11432599F14524843AF65D4ADDE2A123EBC8E5343DD88BADACD"
"scenario","tools/regression_harness/scenarios/v2_step3_drawer_wheel_scope_and_main_scroll_independence.scn","557","DE9414EF81DC2EB72D8D23897EEF1447627068E27089BB09FF70A29CAB9955E2"
"scenario","tools/regression_harness/scenarios/v2_step3_duplicate_stable_key_noop.scn","1657","187F9440451248849616555FCF1F9456B58851B2CC2FFFBB61A2ED7CCB55ED6F"
"scenario","tools/regression_harness/scenarios/v2_step3_forced_close_preserves_histories.scn","6763","F8CCA17EE4A60EC09A95F9362E1A23E427848F82F45E4786590A8DA8254A278A"
"scenario","tools/regression_harness/scenarios/v2_step3_full_reset_boundaries_clear_histories.scn","8731","30BCF8DC39BF5F0C5600609657849BABB46343ED2AA0B9E1A04E0990D468A808"
"scenario","tools/regression_harness/scenarios/v2_step3_history_newest_first_order.scn","835","449158940240814C8586C5CC16DEA6929D4117D7D5F926F128485E5770CA5229"
"scenario","tools/regression_harness/scenarios/v2_step3_ifr_vfr_shell_history_parity.scn","637","AA990EF130CF33669607CCFF5133FD51D67A7B21CC7D015896B2FFF225354C26"
"scenario","tools/regression_harness/scenarios/v2_step3_long_history_scroll_final_marker.scn","3591","8426C0A6FF268818A1EFB654F6932DB8FED1117433B4C41DB9D346C455DAA24A"
"scenario","tools/regression_harness/scenarios/v2_step3_main_card_controller_output_parity.scn","1753","475CF912AD156637A9E0F28404A6CBFA0D0917BEF823F41FF331EED031C95991"
"scenario","tools/regression_harness/scenarios/v2_step3_metar_orb_toggle.scn","785","DCAA715D61F38DD880C5B6EEB26DF6B50E39D18D7E865145DD5A03BE5FBD0700"
"scenario","tools/regression_harness/scenarios/v2_step3_oldest_first_byte_eviction.scn","301","A2E3139A747AAC9F27394BEE97A3D269EA49EF62A8ABD0A9589140148A666214"
"scenario","tools/regression_harness/scenarios/v2_step3_oldest_first_count_eviction.scn","302","FEA64B73F6405C98DE2E77AA10439692661424CB7D7DBDC3671004E3DBB365D3"
"scenario","tools/regression_harness/scenarios/v2_step3_open_latest_cached_generation_once.scn","743","6CF9DDD5909BD24BF5B5A1D7C4152B8E32888428BC329829B84528AE9C69541C"
"scenario","tools/regression_harness/scenarios/v2_step3_orb_hit_targets_scale_matrix.scn","567","34C55A0A0C662B7CFE46E7852785BCCF2EB198E8255939848E312EABBB5F1DC4"
"scenario","tools/regression_harness/scenarios/v2_step3_orb_switch_single_surface.scn","1223","36C4FA28BCCEF7C0D2EB1ED94EDDD30AE96270A53B53B092BE22238F0314049E"
"scenario","tools/regression_harness/scenarios/v2_step3_oversized_entry_content_limited.scn","5435","02BF711A600580A6002CC3D366BFE164AE562370B5F6F5DED3C44A0A4EFE8525"
"scenario","tools/regression_harness/scenarios/v2_step3_pdc_orb_toggle.scn","787","500A4B0B6A74F51CAA4BD57D0CC8B8D1C0FF75909AAD1DCB41158A7A8559A591"
"scenario","tools/regression_harness/scenarios/v2_step3_screen_clamp_matrix.scn","1466","B64F668AA7BC6DD66D21CC3CEED4E6075690CD6CA07BCDBE16DEFF63D234E016"
"scenario","tools/regression_harness/scenarios/v2_step3_scroll_limits_no_render.scn","1522","54C70DD7669692DCA9F604ECC13EEE4F14A68C3FF03B2F6BD6743F4EE2AFA289"
"scenario","tools/regression_harness/scenarios/v2_step3_three_history_isolation_and_switch_preservation.scn","975","7F1352140CF30D37539613D48574DC10B9981E3A68AA2DD3167EFC3FF8BB886F"
"scenario","tools/regression_harness/scenarios/v2_step3_warm_unchanged_zero_render_work.scn","1903","52AF0BC67F17BA51151377ED5A58E22A0E515D5D6FD6A6B857F3B779673A29D7"
"source-or-test","brain/include/XVatsim/brain/BrainOwnedRuntime.h","67246","AFB5DC0A5DA15AB48DD8988759D2C15A1DBE8F3A59164F2E0FBACFC7BFA7A432"
"source-or-test","brain/src/BrainOwnedRuntime.cpp","272858","9E3EF623E0F2768540835D6225DBEE6EF86847C556E91C9F52C597FB15772803"
"source-or-test","CMakeLists.txt","1570","3D862C778D41443D601DCC51116A9B1CAC9ED19A7356D6C290AEBC5FCCD8FE1D"
"source-or-test","modules/overlay/CMakeLists.txt","2037","1AC36A4A80D07E121D80DB3F50AEB7EBFDD7670A5398835266DF40CF8890BD91"
"source-or-test","modules/overlay/include/XVatsim/modules/overlay/OverlayAccessoryCore.h","32647","F20F2EC907442EAD0D449DDB9BF09DCEE425471D873706BB67C1E478EC50EC23"
"source-or-test","modules/overlay/include/XVatsim/modules/overlay/OverlayVisualProof.h","936","11889DC9116C21BACB1D28B291CADD2E0D8594ADBB35AB86F320F319E309B3AB"
"source-or-test","modules/overlay/include/XVatsim/modules/overlay/OverlayWindow.h","10486","949FC8E82FB9D9645B24C9AA02B218BEF4EAAC7798E0147DBB4C594F46CF97C4"
"source-or-test","modules/overlay/src/OverlayAccessoryCore.cpp","115103","24142691B49F3E48CA1F617AC970829E8A37C4F6840416A7B7E0AC3F62590AAB"
"source-or-test","modules/overlay/src/OverlayWindow.cpp","123478","4B519225157F873D184F2DC697562319E890B4EBA216E43F24FAC0438BD37921"
"source-or-test","plugin/CMakeLists.txt","4128","3E4BAED0A13C3F35B5318ED2EB52D80A146F03C8D9222A13C7FDBA236F61C79F"
"source-or-test","plugin/src/Step3LiveProofFixtures.cpp","11995","A44FFFF0A3DBA037AAD16F827FC60A77B87C4745E46286990599C548AFA8D141"
"source-or-test","plugin/src/Step3LiveProofFixtures.h","8195","12F191B84B2754B5EC71BCE64FA8CAA2CD1AFF494DF834257E638B5380EBBCC0"
"source-or-test","plugin/src/XVatsimPlugin.cpp","191697","E7B9DF73F8B771EEEDF2FBE9A0DDF5C59734F5E271D26F8F69845C71CB070353"
"source-or-test","tools/regression_harness/CMakeLists.txt","1081","F03B020AEBB92332933AD0AC1951FE35ADD916951070E2C79CA6D28071AF888C"
"source-or-test","tools/regression_harness/README.txt","59874","31251A8DCC54E48D2452BD33A34231CA7484606225C9A435EAA5D7B9F28075BD"
"source-or-test","tools/regression_harness/scenarios/v2_step3_accessory_shell_default_neutral_closed.scn","1428","A95D3177DBE97BA6450A8CE91DCC984D02D9A75BEBCC62B813412D287C6EBD05"
"source-or-test","tools/regression_harness/scenarios/v2_step3_action_render_work_is_bounded.scn","18949","0C6BD1727DCFBA518C5D82B8F38661C5281847D07B9D4ABE826768415F5986DC"
"source-or-test","tools/regression_harness/scenarios/v2_step3_atis_orb_toggle.scn","785","E23ADB435101719B1297CE1653A192CB305B18610CE52D26218D3734E2184A13"
"source-or-test","tools/regression_harness/scenarios/v2_step3_cache_preserving_refresh_preserves_histories.scn","1289","0B84D0424ADA718C47345A87ECA1FBDDFF619E5A21BDC0090F1C31E78AE2736E"
"source-or-test","tools/regression_harness/scenarios/v2_step3_callsign_change_blocks_prior_pdc_history.scn","840","DD9CCCAED254EE493998A91C51E4619E9BBE3BB674AAFEDA9A85F5B0CBD27859"
"source-or-test","tools/regression_harness/scenarios/v2_step3_click_request_exactly_once.scn","6655","F0BCFFFEC993ECDBEC3C56C9C10413027BE2FD810B8B9F2D675E9F0D791C539D"
"source-or-test","tools/regression_harness/scenarios/v2_step3_close_reopen_preserves_entries_and_resets_top.scn","1177","6341196C470B6E2EC0210BD4452257A4DBB45E4C9D835EEF5F67164810C3F945"
"source-or-test","tools/regression_harness/scenarios/v2_step3_closed_drawer_cache_update_no_raster.scn","1290","D367A9FF86742753B69776530A8FF63B1C38E1CDB8A0A17B9791135AC7E7A186"
"source-or-test","tools/regression_harness/scenarios/v2_step3_drawer_normal_text_wrap.scn","1278","68B3463DEE76EC70F7BEE114DDC7E56752011AB42F4BBAE835BD967D9C0B2D9E"
"source-or-test","tools/regression_harness/scenarios/v2_step3_drawer_scroll_isolation_and_reopen_resets_top.scn","1231","DA4E2D1D323BF886E870F55EBEBA1DE809F268E6CA877284A79071B03ADF95F0"
"source-or-test","tools/regression_harness/scenarios/v2_step3_drawer_unbroken_token_wrap.scn","763","B5520B1D59C7E11432599F14524843AF65D4ADDE2A123EBC8E5343DD88BADACD"
"source-or-test","tools/regression_harness/scenarios/v2_step3_drawer_wheel_scope_and_main_scroll_independence.scn","557","DE9414EF81DC2EB72D8D23897EEF1447627068E27089BB09FF70A29CAB9955E2"
"source-or-test","tools/regression_harness/scenarios/v2_step3_duplicate_stable_key_noop.scn","1657","187F9440451248849616555FCF1F9456B58851B2CC2FFFBB61A2ED7CCB55ED6F"
"source-or-test","tools/regression_harness/scenarios/v2_step3_forced_close_preserves_histories.scn","6763","F8CCA17EE4A60EC09A95F9362E1A23E427848F82F45E4786590A8DA8254A278A"
"source-or-test","tools/regression_harness/scenarios/v2_step3_full_reset_boundaries_clear_histories.scn","8731","30BCF8DC39BF5F0C5600609657849BABB46343ED2AA0B9E1A04E0990D468A808"
"source-or-test","tools/regression_harness/scenarios/v2_step3_history_newest_first_order.scn","835","449158940240814C8586C5CC16DEA6929D4117D7D5F926F128485E5770CA5229"
"source-or-test","tools/regression_harness/scenarios/v2_step3_ifr_vfr_shell_history_parity.scn","637","AA990EF130CF33669607CCFF5133FD51D67A7B21CC7D015896B2FFF225354C26"
"source-or-test","tools/regression_harness/scenarios/v2_step3_long_history_scroll_final_marker.scn","3591","8426C0A6FF268818A1EFB654F6932DB8FED1117433B4C41DB9D346C455DAA24A"
"source-or-test","tools/regression_harness/scenarios/v2_step3_main_card_controller_output_parity.scn","1753","475CF912AD156637A9E0F28404A6CBFA0D0917BEF823F41FF331EED031C95991"
"source-or-test","tools/regression_harness/scenarios/v2_step3_metar_orb_toggle.scn","785","DCAA715D61F38DD880C5B6EEB26DF6B50E39D18D7E865145DD5A03BE5FBD0700"
"source-or-test","tools/regression_harness/scenarios/v2_step3_oldest_first_byte_eviction.scn","301","A2E3139A747AAC9F27394BEE97A3D269EA49EF62A8ABD0A9589140148A666214"
"source-or-test","tools/regression_harness/scenarios/v2_step3_oldest_first_count_eviction.scn","302","FEA64B73F6405C98DE2E77AA10439692661424CB7D7DBDC3671004E3DBB365D3"
"source-or-test","tools/regression_harness/scenarios/v2_step3_open_latest_cached_generation_once.scn","743","6CF9DDD5909BD24BF5B5A1D7C4152B8E32888428BC329829B84528AE9C69541C"
"source-or-test","tools/regression_harness/scenarios/v2_step3_orb_hit_targets_scale_matrix.scn","567","34C55A0A0C662B7CFE46E7852785BCCF2EB198E8255939848E312EABBB5F1DC4"
"source-or-test","tools/regression_harness/scenarios/v2_step3_orb_switch_single_surface.scn","1223","36C4FA28BCCEF7C0D2EB1ED94EDDD30AE96270A53B53B092BE22238F0314049E"
"source-or-test","tools/regression_harness/scenarios/v2_step3_oversized_entry_content_limited.scn","5435","02BF711A600580A6002CC3D366BFE164AE562370B5F6F5DED3C44A0A4EFE8525"
"source-or-test","tools/regression_harness/scenarios/v2_step3_pdc_orb_toggle.scn","787","500A4B0B6A74F51CAA4BD57D0CC8B8D1C0FF75909AAD1DCB41158A7A8559A591"
"source-or-test","tools/regression_harness/scenarios/v2_step3_screen_clamp_matrix.scn","1466","B64F668AA7BC6DD66D21CC3CEED4E6075690CD6CA07BCDBE16DEFF63D234E016"
"source-or-test","tools/regression_harness/scenarios/v2_step3_scroll_limits_no_render.scn","1522","54C70DD7669692DCA9F604ECC13EEE4F14A68C3FF03B2F6BD6743F4EE2AFA289"
"source-or-test","tools/regression_harness/scenarios/v2_step3_three_history_isolation_and_switch_preservation.scn","975","7F1352140CF30D37539613D48574DC10B9981E3A68AA2DD3167EFC3FF8BB886F"
"source-or-test","tools/regression_harness/scenarios/v2_step3_warm_unchanged_zero_render_work.scn","1903","52AF0BC67F17BA51151377ED5A58E22A0E515D5D6FD6A6B857F3B779673A29D7"
"source-or-test","tools/regression_harness/src/main.cpp","894059","F9042C107690532BCE725CA3B247AD5CED22E453CADBD97E328972428B17177B"
"source-or-test","tools/step3_live_fixture_proof/CMakeLists.txt","458","67CEFE29787BF7F4C2D00E669C02F62F2E3F1230291D98E743E6C9D7F230E50D"
"source-or-test","tools/step3_live_fixture_proof/src/main.cpp","32928","8ECBA45969AAE6726DFEE92FB4B13242B3D66305E6D26503877058B13A66F408"
"source-or-test","tools/step3_visual_proof/CMakeLists.txt","759","13EB5BDA92AFDD777913BEF8B12C061927DE2A693E3F42E1D21CD9444C02052F"
"source-or-test","tools/step3_visual_proof/README.md","1563","D02D770337C3839851A55E38910A46413ECF9C26B7D8B45A60F82710F1215596"
"source-or-test","tools/step3_visual_proof/src/main.cpp","61610","CB49A02F3B821C23D55E398E36479C94BB7797308A868DA94357D312B9FE3EC2"
"visual-evidence","outputs/v2_step_03_ui_evidence/01_neutral_three_orb_rail.png","34053","BB9836D7CB392037AC92EB37095AC108189E05B043DE10FC6010E565C42743CE"
"visual-evidence","outputs/v2_step_03_ui_evidence/02_metar_empty_state_drawer.png","38432","69AEC5032FA522EDD7D315D71E9B0AE307797CF8D5FB0D412F3E709FC3AE8C4A"
"visual-evidence","outputs/v2_step_03_ui_evidence/03_atis_empty_state_drawer.png","38480","BA4EF183A652EF068D5EF8EDC744B51AAE1DE09620488EB5E49B1F669D8063EA"
"visual-evidence","outputs/v2_step_03_ui_evidence/04_pdc_empty_state_drawer.png","38566","A6BC811EF96590ABE3A49C9688C155D9F15B497E82D564EC081B7564DC843BD9"
"visual-evidence","outputs/v2_step_03_ui_evidence/05_scale_085.png","30103","C73760197C8B629A04102BD8EAEFB40A96B14AB8CF7ED1ABC5852F9C876F54CA"
"visual-evidence","outputs/v2_step_03_ui_evidence/05_scale_100.png","38432","69AEC5032FA522EDD7D315D71E9B0AE307797CF8D5FB0D412F3E709FC3AE8C4A"
"visual-evidence","outputs/v2_step_03_ui_evidence/05_scale_135.png","50407","3E3EC953B6649E256CCA19E8DAD5A39B78E0AA1B61BC1E5F744806BCA64BD54D"
"visual-evidence","outputs/v2_step_03_ui_evidence/06_normal_wrapped_history.png","41950","FCC93271293B65213373D291837EC3949AA1F3720369D862DE94D5CBBA9D1275"
"visual-evidence","outputs/v2_step_03_ui_evidence/07_long_unbroken_token_history.png","39643","06B07EE305D37EB09837595571074C230C2F8D3D898F97EF5A915772D6E7A790"
"visual-evidence","outputs/v2_step_03_ui_evidence/08_long_history_newest_top.png","44257","726674BC9B7789CC73ED363D8D65233350052EEC7F9AA954F4BD909DE1E5E0DC"
"visual-evidence","outputs/v2_step_03_ui_evidence/09_long_history_maximum_scroll_final_marker.png","43337","50E775AE3845C295DBE69D33B1E7C23C4DD7C6B05D378B41F0AC465C0800578F"
"visual-evidence","outputs/v2_step_03_ui_evidence/10_content_limited_visible.png","39972","5C370822E8F6496325180D1B64D7B32A47D70BE1B4B8597A3507E596BC19A837"
"visual-evidence","outputs/v2_step_03_ui_evidence/11_main_card_crop_shell_closed.png","38646","310BFD37F2BD8B5D0689A1ED1BD98DB29E23F033AD20FE962C1E0907D2E34F6F"
"visual-evidence","outputs/v2_step_03_ui_evidence/12_main_card_crop_neutral_rail.png","38646","310BFD37F2BD8B5D0689A1ED1BD98DB29E23F033AD20FE962C1E0907D2E34F6F"
"visual-evidence","outputs/v2_step_03_ui_evidence/13_main_card_crop_metar_open.png","38646","310BFD37F2BD8B5D0689A1ED1BD98DB29E23F033AD20FE962C1E0907D2E34F6F"
"visual-evidence","outputs/v2_step_03_ui_evidence/14_main_card_crop_atis_open.png","38646","310BFD37F2BD8B5D0689A1ED1BD98DB29E23F033AD20FE962C1E0907D2E34F6F"
"visual-evidence","outputs/v2_step_03_ui_evidence/15_main_card_crop_pdc_open.png","38646","310BFD37F2BD8B5D0689A1ED1BD98DB29E23F033AD20FE962C1E0907D2E34F6F"
"visual-evidence","outputs/v2_step_03_ui_evidence/16_main_card_crop_drawer_scrolled.png","38646","310BFD37F2BD8B5D0689A1ED1BD98DB29E23F033AD20FE962C1E0907D2E34F6F"
"visual-evidence","outputs/v2_step_03_ui_evidence/17_main_card_zero_difference.png","1122","5B70738F9B3E84574ADA154B2B6FEB6295731E93ECDBA697E5AEB4A2D796A6D0"
"visual-evidence","outputs/v2_step_03_ui_evidence/18_movement_sequence_closed_start.png","44838","73C18ED3CF0AEFD183718D5440268A879622A353B649ED01EB459D36A569A234"
"visual-evidence","outputs/v2_step_03_ui_evidence/19_movement_sequence_closed_end.png","44749","427E27F9234FB6791808B217721F387C4B5617D777FD75FAF239E12609660A7B"
"visual-evidence","outputs/v2_step_03_ui_evidence/20_movement_sequence_open_start.png","49212","8BD3B3FF1D996669DBA8A552CA90F75FCC50C14E6227A22D53B51877B12A2529"
"visual-evidence","outputs/v2_step_03_ui_evidence/21_movement_sequence_open_end.png","49102","7B143D2D33DF5BA1D99100E61755BE9271A1D266FA2C426246A71104B82FCB79"
"visual-evidence","outputs/v2_step_03_ui_evidence/clamp_1280x720_bottom.png","59540","048D95E10FC39C56CA2F6F18494D1388C81A01F7933265E06A6AE6D7E0141FF7"
"visual-evidence","outputs/v2_step_03_ui_evidence/clamp_1280x720_left.png","56740","1815F024F6E6C961FF9D5CE21D4233BE13260B59C7FA49C8CD566103A49FE1F2"
"visual-evidence","outputs/v2_step_03_ui_evidence/clamp_1280x720_right.png","57807","FEDA76C5FD91FCFF61E26B34A14466E9D9B18FE75FD31F174E4695ED75890375"
"visual-evidence","outputs/v2_step_03_ui_evidence/clamp_1280x720_top.png","59380","DD95BEB73C9995C2170DC2126D5314ACAAB41D67BEE1572510FE27D5E1D6E258"
"visual-evidence","outputs/v2_step_03_ui_evidence/clamp_1920x1080_bottom.png","67416","C2007802404E8BE7E9A54CBFD3020D38E141F42892F358440A683FFE1BF48AF9"
"visual-evidence","outputs/v2_step_03_ui_evidence/clamp_1920x1080_left.png","63934","BA713BB9249F452BAED9B96691604234A14E3E0FEC12EDB100313992327D1EC6"
"visual-evidence","outputs/v2_step_03_ui_evidence/clamp_1920x1080_right.png","65192","72C0A2884A61703FB6362F91D66D81F198E8DDFA3081377C63906B86D60C2950"
"visual-evidence","outputs/v2_step_03_ui_evidence/clamp_1920x1080_top.png","66570","A774C9FBEB2DDD42F6EAF8D5081C32BE449DD9307B0D2A07AD985ABE98FF0A92"
"visual-evidence","outputs/v2_step_03_ui_evidence/clamp_3840x2160_bottom.png","95728","6CBDD9DDEBF64288656E0AACD7557B6F3FB0DB4C74D09F180786E363D68FCF3F"
"visual-evidence","outputs/v2_step_03_ui_evidence/clamp_3840x2160_left.png","92442","112C1A5A55FA478B9D3CBAE6E78D5BCAEA3ED031E39818895B69C2EABFEA0BDA"
"visual-evidence","outputs/v2_step_03_ui_evidence/clamp_3840x2160_right.png","93348","22884C900C75D930FFB75980A5AB7B5B70FFDD9252B1FA0991B49B7279F92362"
"visual-evidence","outputs/v2_step_03_ui_evidence/clamp_3840x2160_top.png","95722","0C8EF30460C3260492C25ED24D9E5C8BF9F631D0AFD01AFC225DE6C6000D0BAB"
"visual-evidence","outputs/v2_step_03_ui_evidence/determinism_verification.txt","1502","4C84FF5CD37B3869F47AC2C88C9C7B6D763ED30FEBB1887DD91A6FC2D1BF2065"
"visual-evidence","outputs/v2_step_03_ui_evidence/DETERMINISTIC_SHA256SUMS.txt","3718","22F4CE62B2E83C88B6AE532E44E7C56BFD06DA282E7088A722689DA6254AD519"
"visual-evidence","outputs/v2_step_03_ui_evidence/layout_geometry_matrix.csv","924","2B72A998CE56FFFE96690CAB2D38936B38F1725754E12B5DDB08AD4B852C5C18"
"visual-evidence","outputs/v2_step_03_ui_evidence/main_card_source_block_comparison.txt","915","B71F0E027EFB1BB4C1945A9774D8A549BDF0EFE79DFF05DBC9D8B04F7C0C829D"
"visual-evidence","outputs/v2_step_03_ui_evidence/movement_sequence_geometry.csv","472","5F2780DEDE31E6DABDA39A8C9ED882891EE5F42D491B5FC29391EC297AC4D317"
"visual-evidence","outputs/v2_step_03_ui_evidence/offline_performance.csv","546","AF071E578A724896ED4A192EABD5C6572B84BA37C2E18FB7662925A0CB01861B"
"visual-evidence","outputs/v2_step_03_ui_evidence/offline_visual_validation.txt","5583","26F48559317D5AF53B0F0ADE7B50F4F2BA2F3FF8EFF8B9462C9353D71F0A4092"
"visual-evidence","outputs/v2_step_03_ui_evidence/SHA256SUMS.txt","3903","07B8DDF2F12DB57AB58DF3481088AAE8B3F79DB02BCD1CEE7470D14D5F716851"
"visual-evidence","outputs/v2_step_03_ui_evidence/step3_core_green_bounded_gdiplus_preexisting_463.log","11778084","E8E52D8AACDD662D70D64DFFCA565679AFF3DEEE909626CEAC37F28EFF90DA9C"
"visual-evidence","outputs/v2_step_03_ui_evidence/step3_core_green_corrective_preexisting_463.log","11778084","E8E52D8AACDD662D70D64DFFCA565679AFF3DEEE909626CEAC37F28EFF90DA9C"
"visual-evidence","outputs/v2_step_03_ui_evidence/step3_core_green_gdiplus_preexisting_463.log","11778084","E8E52D8AACDD662D70D64DFFCA565679AFF3DEEE909626CEAC37F28EFF90DA9C"
"visual-evidence","outputs/v2_step_03_ui_evidence/step3_core_green_preexisting_463.log","11778084","E8E52D8AACDD662D70D64DFFCA565679AFF3DEEE909626CEAC37F28EFF90DA9C"
"visual-evidence","outputs/v2_step_03_ui_evidence/step3_enqueue_nonblocking_complete_494_final.log","11747095","AA9EA7D1F2563C79036551CA64A52471FFE1B730B61F433E3FECBB8339CF1B8D"
"visual-evidence","outputs/v2_step_03_ui_evidence/step3_enqueue_nonblocking_complete_494_final2.log","11747097","69CAF950D732AF10E8C3DF07DB304CB3F8DC7A1571EC5592B5A88D154A7CD02F"
"visual-evidence","outputs/v2_step_03_ui_evidence/step3_enqueue_nonblocking_complete_494.log","11747071","36449D80AEC88231BAF0BD0959EDE9C04A892B7B62AF1C615A3B387B447DBFCE"
"visual-evidence","outputs/v2_step_03_ui_evidence/step3_enqueue_nonblocking_fixture_verifier_final.log","1732","E142C9735976FF321DDD3315BCCDB9B195D5B260085E1C87F70063022FF382FF"
"visual-evidence","outputs/v2_step_03_ui_evidence/step3_enqueue_nonblocking_fixture_verifier.log","1732","E142C9735976FF321DDD3315BCCDB9B195D5B260085E1C87F70063022FF382FF"
"visual-evidence","outputs/v2_step_03_ui_evidence/step3_enqueue_nonblocking_focused_31_final.log","5719","67E6E311930E142BB29CDD308EDB65CBE1AA1B5DC1D70002CEFBF516532772EE"
"visual-evidence","outputs/v2_step_03_ui_evidence/step3_enqueue_nonblocking_focused_31_final2.log","5718","B75EE79FE89E7DB80B39C765861E5D6E182469EE828C611BAC92F9CDFE733C9B"
"visual-evidence","outputs/v2_step_03_ui_evidence/step3_enqueue_nonblocking_focused_31.log","5696","3EF15D3DA9EC8D1D6632DBCE427803638426BC24173C367D33152D5E9C2CFB9B"
"visual-evidence","outputs/v2_step_03_ui_evidence/step3_enqueue_nonblocking_legacy_463_final.log","11741445","B0B9A5CD36E3154B443B3D6446FF52CBBBE0B92EA23858EDB0446988A1111282"
"visual-evidence","outputs/v2_step_03_ui_evidence/step3_enqueue_nonblocking_legacy_463_final2.log","11741445","B0B9A5CD36E3154B443B3D6446FF52CBBBE0B92EA23858EDB0446988A1111282"
"visual-evidence","outputs/v2_step_03_ui_evidence/step3_enqueue_nonblocking_legacy_463.log","11741445","B0B9A5CD36E3154B443B3D6446FF52CBBBE0B92EA23858EDB0446988A1111282"
"visual-evidence","outputs/v2_step_03_ui_evidence/step3_fixture_normal_configure.log","954","59A0E73926FB4D4B0A07573221A0864754E1E009943C29A78E81EA4BD343EB78"
"visual-evidence","outputs/v2_step_03_ui_evidence/step3_fixture_normal_release_build.log","9577","23761261BDDDF670634685AE3E9ABC287D3545D84322CA3F72691CDBFEA07926"
"visual-evidence","outputs/v2_step_03_ui_evidence/step3_focused_core_green_bounded_gdiplus.log","5447","B164ACB7B869BEE5BD900F38338333E9DA0549EC31E736ED7CEF2023CDECD58A"
"visual-evidence","outputs/v2_step_03_ui_evidence/step3_focused_core_green_corrective.log","3977","9A262ECCBF75F1DCA61166360EC59BC550299C69A224F352A932824F720CD51C"
"visual-evidence","outputs/v2_step_03_ui_evidence/step3_focused_core_green_gdiplus.log","4610","B9CFD84BC35102FA9A566291AF42CBE4F87FBE4B3A363C0A3F6E37C20929D8F8"
"visual-evidence","outputs/v2_step_03_ui_evidence/step3_focused_core_green_passed.log","3977","9A262ECCBF75F1DCA61166360EC59BC550299C69A224F352A932824F720CD51C"
"visual-evidence","outputs/v2_step_03_ui_evidence/step3_focused_core_green.log","4160","DE51DB282C33A1E2C82D893FF293A7C1A691C52DEDCEE8B017A54F1B304AD6C5"
"visual-evidence","outputs/v2_step_03_ui_evidence/step3_focused_red_contract_complete.log","49896","280FC9936E354B83A5E909F5E67F31B4BED93A9B611DE5EEBB694D1110BBD3FA"
"visual-evidence","outputs/v2_step_03_ui_evidence/step3_focused_red_corrected.log","22529","09B7281AF40AE38D46DA3813789DB3C2E948A78927EA5524FFDCEE4CBD097933"
"visual-evidence","outputs/v2_step_03_ui_evidence/step3_focused_red_stateful.log","39968","612B6E7DE537C32C0397EB33872561C862C657FE62CB4B4A27D1FA6F222712D7"
"visual-evidence","outputs/v2_step_03_ui_evidence/step3_focused_red.log","5641","1BE648AB80A97F9C163CE02DF0F41F66E5F3B888184C33AFDCEEB5BC4E0D8867"
"visual-evidence","outputs/v2_step_03_ui_evidence/step3_live_fixture_configure.log","958","0856EAF7EC41DB3EBD1637CD1D9C8970586E87AD01590D27EBAF33D01E8C8702"
"visual-evidence","outputs/v2_step_03_ui_evidence/step3_live_fixture_contract_proof.log","674","13C4A39FB605CC14FB2E1ACAB432119CDA9D8EA18C68A2136EFEEDA04EE940F6"
"visual-evidence","outputs/v2_step_03_ui_evidence/step3_live_fixture_release_build.log","7546","5B1DE5F8A69EB2F80DC54432137F091D3192C150E63DE8BB06649B03AE8E1E1A"
"visual-evidence","outputs/v2_step_03_ui_evidence/step3_offline_visual_complete_494.log","11785076","E9EC3287A22D409C2531ED108E08A1025DEDC9CD2450EA7541D5C89D69F36293"
"visual-evidence","outputs/v2_step_03_ui_evidence/step3_offline_visual_exporter_release_build.log","685","35C08005E9C8D6E628884336FEEF125967AD12511721339F03E9945099014DC1"
"visual-evidence","outputs/v2_step_03_ui_evidence/step3_offline_visual_focused_31.log","7056","D0CE1B9F67963AF26C6BFB6CE9B3721DE7D095EF08881BF7C061978F64FA038F"
"visual-evidence","outputs/v2_step_03_ui_evidence/step3_offline_visual_legacy_463.log","11778088","FE898F2781644CC428B74A1A2F107D7B6661D61B16BC8EC430EDABFDB4400331"
"visual-evidence","outputs/v2_step_03_ui_evidence/step3_offline_visual_normal_release_build.log","6358","9C9D177F60291FC177633CBF0CBC167446C8A0E3593D59BDB549491C406D7427"
"visual-evidence","outputs/v2_step_03_ui_evidence/step3_preexisting_463_regression_contract_complete.log","11778084","E8E52D8AACDD662D70D64DFFCA565679AFF3DEEE909626CEAC37F28EFF90DA9C"
"visual-evidence","outputs/v2_step_03_ui_evidence/step3_preexisting_463_regression_stateful.log","11778084","E8E52D8AACDD662D70D64DFFCA565679AFF3DEEE909626CEAC37F28EFF90DA9C"
"visual-evidence","outputs/v2_step_03_ui_evidence/step3_preexisting_463_regression.log","11778086","E25FB2CEEC84F04119F9D29C2E960E96F74A14C756E0E304FBE85CD69361C3AD"
"visual-evidence","outputs/v2_step_03_ui_evidence/step3_ui_integration_494.log","11783457","F7E66B0BE3799682A0D22FD4FDEA135FB98ACFDBFBA18B3F17861551B05B53CE"
"visual-evidence","outputs/v2_step_03_ui_evidence/step3_ui_integration_focused_31.log","5437","59E06E7EA7018B178F339418C2A3917A641E2CF2632CC3DC94CD8FDD1DEAEAAA"
"visual-evidence","outputs/v2_step_03_ui_evidence/step3_wrap_optimization_attempts.log","1151","54BCEBAF29ED55220951D6F6F56981E1B416820B85930FC84E8E3A47226AD172"
"visual-evidence","outputs/v2_step_03_ui_evidence/step3_wrap_performance_bounded_gdiplus.log","372","2A923BCD1A6322EF1E8E112D6C925CAB8D745515E401CBE2D19190A3B09F7F5C"
"visual-evidence","outputs/v2_step_03_ui_evidence/visible_gap_measurements.csv","104","97155BD2957476F9EF466E40C90C1AA65B8236E76908BEEAAE5EAFC8FCA73762"
"visual-evidence","outputs/v2_step_03_ui_evidence/visual_proof_summary.txt","1756","636015E25A11A13755722D879B35D5009A4CF4CB3B4E7E23AA80221E749B29EB"
"visual-evidence","outputs/v2_step_03_ui_evidence/working_tree_scope.txt","5839","A8BE35CD4608A49AD99D01B9DFEC8F5C31FA6EDDE6269A7C8923B94DF41D7B50"
